YAL005C,YOR178C,inhibition
YAL010C,YKR001C,activation
YAL010C,YLL001W,activation
YAL014C,YKL196C,activation
YAL016W,YJL076W,activation
YAL016W,YOR195W,inhibition
YAL024C,YML064C,activation
YAL030W,YDR468C,activation
YAL030W,YMR183C,activation
YAL030W,YMR197C,activation
YAL030W,YOL018C,activation
YAL030W,YPL232W,activation
YAL040C,YER111C,activation
YAL040C,YLR182W,activation
YAL040C,YOR083W,inhibition
YAL041W,YER118C,activation
YAL041W,YLR229C,activation
YAL041W,YLR229C,activation
YAL041W,YLR229C,inhibition
YAL041W,YPR165W,activation
YAL041W,YPR165W,inhibition
YAL054C,YKL112W,activation
YAR007C,YBL021C,activation
YAR007C,YBL035C,activation
YAR007C,YIR008C,activation
YAR007C,YKL045W,activation
YAR007C,YNL102W,activation
YAR007C,YNL262W,activation
YAR007C,YOR358W,activation
YAR007C,YPR175W,activation
YAR019C,YGR092W,activation
YAR019C,YHR102W,activation
YAR019C,YIL106W,activation
YAR019C,YML064C,activation
YAR019C,YPR111W,activation
YBL004W,YDR324C,activation
YBL004W,YDR398W,activation
YBL004W,YGR090W,activation
YBL004W,YGR095C,activation
YBL004W,YGR159C,activation
YBL004W,YJL050W,activation
YBL004W,YJL069C,activation
YBL004W,YJL109C,activation
YBL004W,YMR093W,activation
YBL004W,YOR001W,activation
YBL004W,YPL126W,activation
YBL016W,YDL159W,activation
YBL016W,YDR480W,inhibition
YBL016W,YER075C,inhibition
YBL016W,YER123W,inhibition
YBL016W,YFR028C,activation
YBL016W,YGR218W,activation
YBL016W,YHR084W,activation
YBL016W,YHR135C,inhibition
YBL016W,YIR026C,inhibition
YBL016W,YJL128C,inhibition
YBL016W,YJL157C,activation
YBL016W,YNL053W,inhibition
YBL016W,YNL154C,inhibition
YBL016W,YNL271C,activation
YBL016W,YOR208W,inhibition
YBL016W,YPL049C,inhibition
YBL021C,YAR007C,activation
YBL021C,YBL023C,activation
YBL021C,YBR060C,activation
YBL021C,YBR160W,activation
YBL021C,YBR202W,activation
YBL021C,YDL017W,activation
YBL021C,YEL032W,activation
YBL021C,YGL201C,activation
YBL021C,YIL150C,activation
YBL021C,YJL194W,activation
YBL021C,YLR103C,activation
YBL021C,YLR274W,activation
YBL021C,YNL261W,activation
YBL021C,YNL312W,activation
YBL021C,YPR019W,activation
YBL021C,YPR162C,activation
YBL023C,YBL021C,activation
YBL023C,YBL035C,activation
YBL023C,YDL017W,activation
YBL023C,YDR052C,activation
YBL023C,YIR008C,activation
YBL023C,YKL045W,activation
YBL023C,YNL102W,activation
YBL023C,YNL262W,activation
YBL023C,YOR358W,activation
YBL023C,YPR175W,activation
YBL035C,YAR007C,activation
YBL035C,YBL023C,activation
YBL035C,YBR060C,activation
YBL035C,YBR160W,activation
YBL035C,YBR202W,activation
YBL035C,YDL017W,activation
YBL035C,YEL032W,activation
YBL035C,YGL201C,activation
YBL035C,YIL150C,activation
YBL035C,YJL194W,activation
YBL035C,YLL004W,activation
YBL035C,YLR103C,activation
YBL035C,YLR274W,activation
YBL035C,YNL261W,activation
YBL035C,YNL312W,activation
YBL035C,YPR019W,activation
YBL035C,YPR162C,activation
YBL078C,YBR097W,activation
YBL078C,YBR217W,activation
YBL078C,YDR207C,activation
YBL078C,YHR171W,activation
YBL078C,YIL146C,activation
YBL078C,YKL002W,activation
YBL078C,YKL041W,activation
YBL078C,YLR025W,activation
YBL078C,YLR240W,activation
YBL078C,YLR240W,activation
YBL078C,YMR077C,activation
YBL078C,YNL223W,activation
YBL078C,YNL223W,inhibition
YBL078C,YNR007C,activation
YBL078C,YPL120W,activation
YBL078C,YPL120W,activation
YBL078C,YPL149W,activation
YBL079W,YJL041W,activation
YBL079W,YJL041W,activation
YBL084C,YGL003C,inhibition
YBL084C,YGL116W,inhibition
YBL084C,YGR108W,inhibition
YBL084C,YJL013C,inhibition
YBL084C,YJL030W,inhibition
YBL084C,YMR001C,inhibition
YBL084C,YOR026W,inhibition
YBL084C,YPR119W,inhibition
YBL088C,YBR274W,activation
YBL088C,YMR224C,activation
YBL104C,YEL062W,inhibition
YBL104C,YJR138W,inhibition
YBL105C,YDR466W,activation
YBL105C,YDR490C,activation
YBL105C,YJL095W,activation
YBL105C,YOL100W,activation
YBL105C,YPR165W,activation
YBR060C,YBL021C,activation
YBR060C,YBL035C,activation
YBR060C,YIR008C,activation
YBR060C,YKL045W,activation
YBR060C,YNL102W,activation
YBR060C,YNL262W,activation
YBR060C,YOR358W,activation
YBR060C,YPR175W,activation
YBR088C,YDL102W,activation
YBR088C,YJR006W,activation
YBR088C,YLL039C,activation
YBR088C,YNL262W,activation
YBR097W,YBL078C,activation
YBR097W,YDL149W,activation
YBR097W,YLR240W,activation
YBR109C,YHR205W,inhibition
YBR109C,YKL126W,inhibition
YBR109C,YLR229C,inhibition
YBR109C,YMR104C,inhibition
YBR109C,YPL242C,inhibition
YBR112C,YDL101C,inhibition
YBR112C,YNL167C,activation
YBR128C,YGL180W,activation
YBR133C,YJL187C,inhibition
YBR133C,YLR113W,inhibition
YBR133C,YNL317W,inhibition
YBR135W,YDR328C,activation
YBR136W,YBR274W,activation
YBR136W,YCL061C,activation
YBR136W,YDR217C,activation
YBR136W,YER173W,activation
YBR136W,YLR263W,activation
YBR136W,YLR288C,activation
YBR136W,YOR368W,activation
YBR136W,YPL153C,activation
YBR136W,YPL194W,activation
YBR154C,YGR063C,activation
YBR154C,YML010W,activation
YBR160W,YBL021C,activation
YBR160W,YBL035C,activation
YBR160W,YDR146C,inhibition
YBR160W,YER111C,activation
YBR160W,YFL029C,activation
YBR160W,YGR218W,activation
YBR160W,YGR225W,inhibition
YBR160W,YIR008C,activation
YBR160W,YJL157C,inhibition
YBR160W,YJL187C,inhibition
YBR160W,YJL194W,activation
YBR160W,YKL045W,activation
YBR160W,YLR079W,inhibition
YBR160W,YLR182W,activation
YBR160W,YMR036C,activation
YBR160W,YNL102W,activation
YBR160W,YNL262W,activation
YBR160W,YOR083W,inhibition
YBR160W,YOR358W,activation
YBR160W,YPR175W,activation
YBR181C,YDR324C,activation
YBR181C,YDR398W,activation
YBR181C,YGR095C,activation
YBR181C,YGR159C,activation
YBR181C,YJL050W,activation
YBR181C,YJL069C,activation
YBR181C,YJL109C,activation
YBR181C,YMR093W,activation
YBR181C,YOR001W,activation
YBR182C,YLR113W,activation
YBR189W,YDR324C,activation
YBR189W,YDR398W,activation
YBR189W,YGR095C,activation
YBR189W,YGR159C,activation
YBR189W,YJL050W,activation
YBR189W,YJL069C,activation
YBR189W,YJL109C,activation
YBR189W,YMR093W,activation
YBR189W,YOR001W,activation
YBR202W,YBL021C,activation
YBR202W,YBL035C,activation
YBR202W,YDL017W,activation
YBR202W,YDR052C,activation
YBR202W,YIR008C,activation
YBR202W,YKL045W,activation
YBR202W,YNL102W,activation
YBR202W,YNL262W,activation
YBR202W,YOR358W,activation
YBR202W,YPR175W,activation
YBR217W,YBL078C,activation
YBR217W,YHR171W,activation
YBR217W,YLL042C,activation
YBR217W,YNR007C,activation
YBR221C,YIL042C,inhibition
YBR247C,YCR047C,activation
YBR260C,YKL092C,inhibition
YBR260C,YNL098C,inhibition
YBR260C,YOR101W,inhibition
YBR274W,YBL088C,activation
YBR274W,YBR136W,activation
YBR274W,YDR113C,activation
YBR274W,YDR499W,activation
YBR274W,YMR036C,inhibition
YBR279W,YHR030C,activation
YBR279W,YKL161C,activation
YCL017C,YHR111W,activation
YCL017C,YOR251C,activation
YCL017C,YPL252C,activation
YCL018W,YLR451W,activation
YCL024W,YJL187C,inhibition
YCL031C,YCL059C,activation
YCL031C,YDL148C,activation
YCL031C,YDR449C,activation
YCL031C,YER082C,activation
YCL031C,YGL171W,activation
YCL031C,YHR065C,activation
YCL031C,YHR148W,activation
YCL031C,YKL099C,activation
YCL031C,YLL011W,activation
YCL031C,YLR129W,activation
YCL031C,YLR222C,activation
YCL031C,YNL075W,activation
YCL031C,YOR287C,activation
YCL031C,YOR287C,activation
YCL031C,YPL217C,activation
YCL031C,YPR144C,activation
YCL032W,YLR362W,activation
YCL032W,YPR075C,activation
YCL059C,YCL031C,activation
YCL059C,YDR324C,activation
YCL059C,YDR398W,activation
YCL059C,YGR095C,activation
YCL059C,YGR159C,activation
YCL059C,YJL050W,activation
YCL059C,YJL069C,activation
YCL059C,YJL109C,activation
YCL059C,YMR093W,activation
YCL059C,YOR001W,activation
YCL059C,YOR287C,activation
YCL061C,YBR136W,activation
YCL061C,YDR499W,activation
YCL061C,YPL153C,activation
YCR027C,YHR186C,activation
YCR027C,YNL006W,activation
YCR031C,YDR324C,activation
YCR031C,YDR398W,activation
YCR031C,YGR095C,activation
YCR031C,YGR159C,activation
YCR031C,YJL050W,activation
YCR031C,YJL069C,activation
YCR031C,YJL109C,activation
YCR031C,YMR093W,activation
YCR031C,YOR001W,activation
YCR039C,YGR044C,inhibition
YCR047C,YBR247C,activation
YCR047C,YDL060W,activation
YCR047C,YKL143W,activation
YCR047C,YNL207W,activation
YCR047C,YOR056C,activation
YCR047C,YOR145C,activation
YCR057C,YDR324C,activation
YCR057C,YDR398W,activation
YCR057C,YGR090W,activation
YCR057C,YGR095C,activation
YCR057C,YGR159C,activation
YCR057C,YJL050W,activation
YCR057C,YJL069C,activation
YCR057C,YJL109C,activation
YCR057C,YMR093W,activation
YCR057C,YOR001W,activation
YCR057C,YPL126W,activation
YCR067C,YPL218W,activation
YCR073C,YJL128C,activation
YCR073C,YLR006C,activation
YCR084C,YDL101C,inhibition
YCR084C,YNL167C,activation
YCR096C,YGR044C,inhibition
YCR097W,YGR044C,inhibition
YDL003W,YGR098C,inhibition
YDL006W,YLR113W,inhibition
YDL008W,YGL003C,inhibition
YDL008W,YGL116W,inhibition
YDL008W,YJL013C,inhibition
YDL008W,YJL030W,inhibition
YDL008W,YOR026W,inhibition
YDL014W,YDR324C,activation
YDL014W,YDR398W,activation
YDL014W,YGR090W,activation
YDL014W,YGR095C,activation
YDL014W,YGR159C,activation
YDL014W,YJL050W,activation
YDL014W,YJL069C,activation
YDL014W,YJL109C,activation
YDL014W,YMR093W,activation
YDL014W,YOR001W,activation
YDL014W,YPL126W,activation
YDL017W,YBL021C,activation
YDL017W,YBL023C,activation
YDL017W,YBL035C,activation
YDL017W,YBR202W,activation
YDL017W,YEL032W,activation
YDL017W,YGL201C,activation
YDL017W,YIR008C,activation
YDL017W,YKL045W,activation
YDL017W,YLR274W,activation
YDL017W,YNL102W,activation
YDL017W,YNL262W,activation
YDL017W,YOR358W,activation
YDL017W,YPR019W,activation
YDL017W,YPR175W,activation
YDL028C,YGL086W,activation
YDL029W,YPR049C,activation
YDL035C,YJL005W,activation
YDL035C,YNL098C,activation
YDL035C,YOR101W,activation
YDL056W,YOR083W,inhibition
YDL060W,YCR047C,activation
YDL084W,YOR384W,activation
YDL101C,YBR112C,inhibition
YDL101C,YCR084C,inhibition
YDL101C,YLR176C,inhibition
YDL101C,YPL153C,activation
YDL102W,YBR088C,activation
YDL116W,YFR002W,activation
YDL116W,YFR002W,activation
YDL116W,YGL100W,activation
YDL116W,YGL100W,activation
YDL116W,YGR119C,activation
YDL116W,YGR119C,activation
YDL116W,YIL115C,activation
YDL116W,YIL115C,activation
YDL116W,YJL039C,activation
YDL116W,YJL039C,activation
YDL116W,YJL041W,activation
YDL116W,YJL041W,activation
YDL116W,YJR042W,activation
YDL116W,YJR042W,activation
YDL116W,YKR082W,activation
YDL116W,YKR082W,activation
YDL116W,YLR208W,activation
YDL116W,YLR208W,activation
YDL116W,YLR335W,activation
YDL116W,YLR335W,activation
YDL116W,YMR235C,activation
YDL116W,YMR235C,activation
YDL120W,YPL252C,activation
YDL132W,YDR328C,inhibition
YDL132W,YDR328C,inhibition
YDL132W,YJL157C,inhibition
YDL132W,YJL187C,inhibition
YDL132W,YJL194W,inhibition
YDL132W,YLR079W,inhibition
YDL132W,YLR128W,inhibition
YDL132W,YLR306W,inhibition
YDL132W,YMR199W,inhibition
YDL132W,YOL133W,inhibition
YDL132W,YOL133W,inhibition
YDL132W,YPL256C,inhibition
YDL134C,YGL180W,inhibition
YDL134C,YJL076W,activation
YDL134C,YMR028W,activation
YDL134C,YOR195W,inhibition
YDL134C,YPR049C,inhibition
YDL134C,YPR185W,inhibition
YDL135C,YPR165W,activation
YDL148C,YCL031C,activation
YDL148C,YDR324C,activation
YDL148C,YDR398W,activation
YDL148C,YGR090W,activation
YDL148C,YGR095C,activation
YDL148C,YGR159C,activation
YDL148C,YJL050W,activation
YDL148C,YJL069C,activation
YDL148C,YJL109C,activation
YDL148C,YMR093W,activation
YDL148C,YOR001W,activation
YDL148C,YPL126W,activation
YDL149W,YBR097W,activation
YDL149W,YDR022C,activation
YDL149W,YFR021W,activation
YDL149W,YGL180W,activation
YDL149W,YLR240W,activation
YDL149W,YLR423C,activation
YDL149W,YNL242W,activation
YDL149W,YPL100W,activation
YDL149W,YPL120W,activation
YDL149W,YPL166W,activation
YDL149W,YPR185W,activation
YDL153C,YDR324C,activation
YDL153C,YDR398W,activation
YDL153C,YGR090W,activation
YDL153C,YGR095C,activation
YDL153C,YGR159C,activation
YDL153C,YJL050W,activation
YDL153C,YJL069C,activation
YDL153C,YJL109C,activation
YDL153C,YMR093W,activation
YDL153C,YOR001W,activation
YDL155W,YFR028C,activation
YDL155W,YGR218W,activation
YDL159W,YBL016W,activation
YDL159W,YGR040W,activation
YDL159W,YLR362W,activation
YDL188C,YGL180W,inhibition
YDL188C,YJL076W,activation
YDL188C,YMR028W,activation
YDL188C,YOR195W,inhibition
YDL188C,YPR049C,inhibition
YDL188C,YPR185W,inhibition
YDL207W,YIL115C,activation
YDL207W,YJL041W,activation
YDL207W,YPL169C,activation
YDL234C,YER031C,activation
YDL234C,YFL038C,activation
YDL234C,YGL210W,activation
YDL234C,YML001W,activation
YDL235C,YIL147C,activation
YDL235C,YLR006C,inhibition
YDR002W,YMR235C,activation
YDR002W,YMR235C,activation
YDR022C,YDL149W,activation
YDR022C,YPR185W,activation
YDR052C,YBL023C,activation
YDR052C,YBR202W,activation
YDR052C,YEL032W,activation
YDR052C,YGL201C,activation
YDR052C,YLR274W,activation
YDR052C,YPR019W,activation
YDR062W,YHR186C,inhibition
YDR062W,YJR066W,inhibition
YDR062W,YKL203C,inhibition
YDR062W,YNL006W,inhibition
YDR096W,YFL033C,inhibition
YDR099W,YGL073W,inhibition
YDR099W,YHL007C,activation
YDR099W,YLR229C,activation
YDR110W,YHR152W,inhibition
YDR110W,YJL076W,inhibition
YDR113C,YBR274W,activation
YDR113C,YGR098C,inhibition
YDR118W,YGL003C,inhibition
YDR118W,YGL116W,inhibition
YDR118W,YJL013C,inhibition
YDR118W,YJL030W,inhibition
YDR118W,YOR026W,inhibition
YDR128W,YEL062W,inhibition
YDR128W,YJR138W,inhibition
YDR144C,YGR014W,activation
YDR146C,YBR160W,inhibition
YDR146C,YFR028C,activation
YDR146C,YGR108W,inhibition
YDR146C,YPR119W,inhibition
YDR207C,YBL078C,activation
YDR207C,YFL033C,activation
YDR207C,YFL033C,inhibition
YDR207C,YJR066W,activation
YDR207C,YKL203C,activation
YDR207C,YMR139W,activation
YDR211W,YER025W,activation
YDR211W,YJR007W,activation
YDR211W,YPL237W,activation
YDR217C,YBR136W,activation
YDR217C,YDR499W,activation
YDR217C,YPL153C,activation
YDR228C,YDR289C,activation
YDR283C,YHR186C,inhibition
YDR283C,YJR007W,activation
YDR283C,YJR007W,inhibition
YDR283C,YJR066W,inhibition
YDR283C,YKL203C,inhibition
YDR283C,YNL006W,inhibition
YDR289C,YDR228C,activation
YDR310C,YJL106W,inhibition
YDR324C,YBL004W,activation
YDR324C,YBR181C,activation
YDR324C,YBR189W,activation
YDR324C,YCL059C,activation
YDR324C,YCR031C,activation
YDR324C,YCR057C,activation
YDR324C,YDL014W,activation
YDR324C,YDL148C,activation
YDR324C,YDL153C,activation
YDR324C,YDR339C,activation
YDR324C,YDR398W,activation
YDR324C,YDR398W,activation
YDR324C,YDR449C,activation
YDR324C,YEL026W,activation
YDR324C,YER082C,activation
YDR324C,YGL123W,activation
YDR324C,YGL171W,activation
YDR324C,YGR090W,activation
YDR324C,YGR090W,activation
YDR324C,YGR095C,activation
YDR324C,YGR159C,activation
YDR324C,YHR065C,activation
YDR324C,YHR148W,activation
YDR324C,YHR169W,activation
YDR324C,YIL091C,activation
YDR324C,YJL050W,activation
YDR324C,YJL069C,activation
YDR324C,YJL069C,activation
YDR324C,YJL109C,activation
YDR324C,YJL109C,activation
YDR324C,YJL191W,activation
YDR324C,YJR002W,activation
YDR324C,YKL099C,activation
YDR324C,YLL011W,activation
YDR324C,YLR129W,activation
YDR324C,YLR186W,activation
YDR324C,YLR197W,activation
YDR324C,YLR222C,activation
YDR324C,YLR409C,activation
YDR324C,YML093W,activation
YDR324C,YMR093W,activation
YDR324C,YMR093W,activation
YDR324C,YMR128W,activation
YDR324C,YMR229C,activation
YDR324C,YNL075W,activation
YDR324C,YNL096C,activation
YDR324C,YOL010W,activation
YDR324C,YOR001W,activation
YDR324C,YOR096W,activation
YDR324C,YOR310C,activation
YDR324C,YPL081W,activation
YDR324C,YPL126W,activation
YDR324C,YPL126W,activation
YDR324C,YPL217C,activation
YDR324C,YPR137W,activation
YDR324C,YPR144C,activation
YDR328C,YBR135W,activation
YDR328C,YDL132W,inhibition
YDR328C,YDL132W,inhibition
YDR328C,YER051W,inhibition
YDR328C,YER051W,inhibition
YDR328C,YJL157C,inhibition
YDR328C,YJL187C,inhibition
YDR328C,YJL194W,inhibition
YDR328C,YLR079W,inhibition
YDR328C,YMR199W,inhibition
YDR328C,YOL133W,inhibition
YDR328C,YOL133W,inhibition
YDR328C,YPL256C,inhibition
YDR339C,YDR324C,activation
YDR339C,YDR398W,activation
YDR339C,YGR095C,activation
YDR339C,YGR159C,activation
YDR339C,YJL050W,activation
YDR339C,YJL069C,activation
YDR339C,YJL109C,activation
YDR339C,YMR093W,activation
YDR339C,YOR001W,activation
YDR379W,YLR229C,inhibition
YDR389W,YPR165W,inhibition
YDR398W,YBL004W,activation
YDR398W,YBR181C,activation
YDR398W,YBR189W,activation
YDR398W,YCL059C,activation
YDR398W,YCR031C,activation
YDR398W,YCR057C,activation
YDR398W,YDL014W,activation
YDR398W,YDL148C,activation
YDR398W,YDL153C,activation
YDR398W,YDR324C,activation
YDR398W,YDR324C,activation
YDR398W,YDR339C,activation
YDR398W,YDR449C,activation
YDR398W,YEL026W,activation
YDR398W,YER082C,activation
YDR398W,YGL123W,activation
YDR398W,YGL171W,activation
YDR398W,YGR090W,activation
YDR398W,YGR090W,activation
YDR398W,YGR095C,activation
YDR398W,YGR159C,activation
YDR398W,YHR065C,activation
YDR398W,YHR148W,activation
YDR398W,YHR169W,activation
YDR398W,YIL091C,activation
YDR398W,YJL050W,activation
YDR398W,YJL069C,activation
YDR398W,YJL069C,activation
YDR398W,YJL109C,activation
YDR398W,YJL109C,activation
YDR398W,YJL191W,activation
YDR398W,YJR002W,activation
YDR398W,YKL099C,activation
YDR398W,YLL011W,activation
YDR398W,YLR129W,activation
YDR398W,YLR186W,activation
YDR398W,YLR197W,activation
YDR398W,YLR222C,activation
YDR398W,YLR409C,activation
YDR398W,YML093W,activation
YDR398W,YMR093W,activation
YDR398W,YMR093W,activation
YDR398W,YMR128W,activation
YDR398W,YMR229C,activation
YDR398W,YNL075W,activation
YDR398W,YNL096C,activation
YDR398W,YOL010W,activation
YDR398W,YOR001W,activation
YDR398W,YOR096W,activation
YDR398W,YOR310C,activation
YDR398W,YPL081W,activation
YDR398W,YPL126W,activation
YDR398W,YPL126W,activation
YDR398W,YPL217C,activation
YDR398W,YPR137W,activation
YDR398W,YPR144C,activation
YDR404C,YGR063C,activation
YDR404C,YML010W,activation
YDR420W,YLR229C,activation
YDR449C,YCL031C,activation
YDR449C,YDR324C,activation
YDR449C,YDR398W,activation
YDR449C,YGR090W,activation
YDR449C,YGR095C,activation
YDR449C,YGR159C,activation
YDR449C,YJL050W,activation
YDR449C,YJL069C,activation
YDR449C,YJL109C,activation
YDR449C,YMR093W,activation
YDR449C,YOR001W,activation
YDR449C,YPL126W,activation
YDR461W,YKL178C,activation
YDR466W,YBL105C,activation
YDR466W,YHR205W,inhibition
YDR466W,YKL126W,inhibition
YDR466W,YMR104C,inhibition
YDR468C,YAL030W,activation
YDR468C,YOR327C,activation
YDR477W,YER129W,activation
YDR477W,YGL179C,activation
YDR477W,YGL180W,activation
YDR477W,YKL048C,activation
YDR480W,YBL016W,inhibition
YDR480W,YGR040W,inhibition
YDR480W,YHR084W,inhibition
YDR490C,YBL105C,activation
YDR498C,YLR268W,activation
YDR499W,YBR274W,activation
YDR499W,YCL061C,activation
YDR499W,YDR217C,activation
YDR499W,YPL153C,activation
YDR507C,YJL187C,inhibition
YDR532C,YOL139C,inhibition
YEL009C,YGL180W,inhibition
YEL009C,YHR071W,inhibition
YEL009C,YJR007W,activation
YEL009C,YOR128C,activation
YEL009C,YPL031C,inhibition
YEL026W,YDR324C,activation
YEL026W,YDR398W,activation
YEL026W,YGR095C,activation
YEL026W,YGR159C,activation
YEL026W,YJL050W,activation
YEL026W,YJL069C,activation
YEL026W,YJL109C,activation
YEL026W,YMR093W,activation
YEL026W,YOR001W,activation
YEL032W,YBL021C,activation
YEL032W,YBL035C,activation
YEL032W,YDL017W,activation
YEL032W,YDR052C,activation
YEL032W,YIR008C,activation
YEL032W,YKL045W,activation
YEL032W,YNL102W,activation
YEL032W,YNL262W,activation
YEL032W,YOR358W,activation
YEL032W,YPR175W,activation
YEL056W,YNL031C,inhibition
YEL062W,YBL104C,inhibition
YEL062W,YDR128W,inhibition
YEL062W,YGL100W,inhibition
YEL062W,YML121W,inhibition
YEL062W,YOL138C,inhibition
YER006W,YGR103W,activation
YER006W,YMR049C,activation
YER006W,YOR272W,activation
YER009W,YJL041W,activation
YER016W,YPL155C,activation
YER016W,YPL155C,activation
YER018C,YIL144W,activation
YER018C,YIL144W,activation
YER018C,YJL030W,activation
YER018C,YJL030W,activation
YER018C,YOL069W,activation
YER018C,YOL069W,activation
YER018C,YPL209C,activation
YER018C,YPL209C,activation
YER020W,YJL005W,activation
YER025W,YDR211W,activation
YER025W,YLR291C,activation
YER025W,YOR260W,activation
YER031C,YDL234C,activation
YER048W-A,YPL252C,activation
YER051W,YDR328C,inhibition
YER051W,YDR328C,inhibition
YER075C,YBL016W,inhibition
YER075C,YGR040W,inhibition
YER075C,YHR030C,inhibition
YER075C,YLR113W,inhibition
YER082C,YCL031C,activation
YER082C,YDR324C,activation
YER082C,YDR398W,activation
YER082C,YGR090W,activation
YER082C,YGR095C,activation
YER082C,YGR159C,activation
YER082C,YJL050W,activation
YER082C,YJL069C,activation
YER082C,YJL109C,activation
YER082C,YMR093W,activation
YER082C,YOR001W,activation
YER082C,YPL126W,activation
YER103W,YGL073W,activation
YER103W,YNL007C,activation
YER103W,YNL064C,activation
YER105C,YJL041W,activation
YER105C,YJL041W,activation
YER107C,YGR119C,activation
YER107C,YGR119C,activation
YER107C,YJL041W,activation
YER107C,YJL041W,activation
YER111C,YAL040C,activation
YER111C,YBR160W,activation
YER111C,YHR030C,activation
YER111C,YKL161C,activation
YER111C,YOR083W,inhibition
YER118C,YAL041W,activation
YER118C,YGR014W,activation
YER118C,YLR229C,activation
YER123W,YBL016W,inhibition
YER123W,YGR040W,inhibition
YER125W,YFL026W,inhibition
YER125W,YKL178C,inhibition
YER129W,YDR477W,activation
YER155C,YPR165W,inhibition
YER173W,YBR136W,activation
YER177W,YGL073W,inhibition
YER177W,YHL007C,activation
YER177W,YLR229C,activation
YER178W,YIL042C,inhibition
YFL008W,YGR098C,inhibition
YFL009W,YJL157C,inhibition
YFL009W,YJL194W,inhibition
YFL009W,YLR079W,inhibition
YFL018C,YIL042C,inhibition
YFL026W,YER125W,inhibition
YFL026W,YGL089C,activation
YFL026W,YHR005C,activation
YFL026W,YHR135C,inhibition
YFL026W,YNL154C,inhibition
YFL026W,YPL187W,activation
YFL029C,YBR160W,activation
YFL029C,YGR108W,activation
YFL029C,YPR119W,activation
YFL033C,YDR096W,inhibition
YFL033C,YDR207C,activation
YFL033C,YDR207C,inhibition
YFL033C,YHR205W,inhibition
YFL033C,YJL164C,inhibition
YFL033C,YKL062W,activation
YFL033C,YKL166C,inhibition
YFL033C,YMR037C,activation
YFL033C,YPL203W,inhibition
YFL038C,YDL234C,activation
YFL038C,YNL293W,activation
YFL038C,YOL112W,activation
YFL039C,YLR229C,activation
YFL039C,YOR181W,activation
YFL039C,YPL242C,activation
YFL039C,YPR165W,activation
YFR002W,YDL116W,activation
YFR002W,YDL116W,activation
YFR002W,YGR119C,activation
YFR002W,YGR119C,activation
YFR002W,YIL115C,activation
YFR002W,YIL115C,activation
YFR002W,YJL039C,activation
YFR002W,YJL039C,activation
YFR002W,YJL041W,activation
YFR002W,YJL041W,activation
YFR002W,YJR042W,activation
YFR002W,YJR042W,activation
YFR002W,YLR335W,activation
YFR002W,YLR335W,activation
YFR021W,YDL149W,activation
YFR021W,YNL242W,activation
YFR028C,YBL016W,activation
YFR028C,YDL155W,activation
YFR028C,YDR146C,activation
YFR028C,YGL003C,activation
YFR028C,YGR040W,activation
YFR028C,YGR092W,activation
YFR028C,YGR098C,inhibition
YFR028C,YGR108W,activation
YFR028C,YGR109C,activation
YFR028C,YIL106W,activation
YFR028C,YJL076W,inhibition
YFR028C,YLR079W,activation
YFR028C,YLR210W,activation
YFR028C,YPR111W,activation
YFR028C,YPR119W,activation
YFR028C,YPR120C,activation
YFR031C,YLR086W,activation
YFR031C,YLR086W,activation
YFR034C,YOL001W,activation
YFR034C,YPL031C,activation
YGL003C,YBL084C,inhibition
YGL003C,YDL008W,inhibition
YGL003C,YDR118W,inhibition
YGL003C,YFR028C,activation
YGL003C,YGL240W,inhibition
YGL003C,YGR108W,inhibition
YGL003C,YHR166C,inhibition
YGL003C,YKL022C,inhibition
YGL003C,YLR127C,inhibition
YGL003C,YMR001C,inhibition
YGL003C,YNL172W,inhibition
YGL003C,YPR119W,inhibition
YGL012W,YLR056W,activation
YGL013C,YOR153W,activation
YGL018C,YLL027W,activation
YGL018C,YPL059W,activation
YGL018C,YPR067W,activation
YGL019W,YIL146C,activation
YGL070C,YGR063C,activation
YGL070C,YML010W,activation
YGL071W,YMR319C,activation
YGL073W,YDR099W,inhibition
YGL073W,YER103W,activation
YGL073W,YER177W,inhibition
YGL073W,YNL007C,activation
YGL073W,YPL240C,activation
YGL073W,YPR080W,activation
YGL086W,YDL028C,activation
YGL086W,YGL116W,inhibition
YGL086W,YJL030W,activation
YGL086W,YJL030W,activation
YGL086W,YJL030W,activation
YGL089C,YFL026W,activation
YGL089C,YIL015W,inhibition
YGL091C,YMR301C,activation
YGL098W,YLR268W,activation
YGL100W,YDL116W,activation
YGL100W,YDL116W,activation
YGL100W,YEL062W,inhibition
YGL100W,YJL039C,activation
YGL100W,YJL039C,activation
YGL100W,YJL041W,activation
YGL100W,YJL041W,activation
YGL100W,YJR042W,activation
YGL100W,YJR042W,activation
YGL100W,YLR208W,activation
YGL100W,YLR208W,activation
YGL115W,YHR186C,inhibition
YGL115W,YJR066W,inhibition
YGL115W,YKL203C,inhibition
YGL116W,YBL084C,inhibition
YGL116W,YDL008W,inhibition
YGL116W,YDR118W,inhibition
YGL116W,YGL086W,inhibition
YGL116W,YGL240W,inhibition
YGL116W,YGR188C,activation
YGL116W,YHR166C,inhibition
YGL116W,YJL013C,activation
YGL116W,YJL030W,activation
YGL116W,YJL030W,inhibition
YGL116W,YKL022C,inhibition
YGL116W,YLR127C,inhibition
YGL116W,YNL172W,inhibition
YGL116W,YOR026W,activation
YGL116W,YOR026W,inhibition
YGL123W,YDR324C,activation
YGL123W,YDR398W,activation
YGL123W,YGR095C,activation
YGL123W,YGR159C,activation
YGL123W,YJL050W,activation
YGL123W,YJL069C,activation
YGL123W,YJL109C,activation
YGL123W,YMR093W,activation
YGL123W,YOR001W,activation
YGL171W,YCL031C,activation
YGL171W,YDR324C,activation
YGL171W,YDR398W,activation
YGL171W,YGR090W,activation
YGL171W,YGR095C,activation
YGL171W,YGR159C,activation
YGL171W,YJL050W,activation
YGL171W,YJL069C,activation
YGL171W,YJL109C,activation
YGL171W,YMR093W,activation
YGL171W,YOR001W,activation
YGL179C,YDR477W,activation
YGL180W,YBR128C,activation
YGL180W,YDL134C,inhibition
YGL180W,YDL149W,activation
YGL180W,YDL188C,inhibition
YGL180W,YDR477W,activation
YGL180W,YEL009C,inhibition
YGL180W,YHR186C,inhibition
YGL180W,YJR066W,inhibition
YGL180W,YKL203C,inhibition
YGL180W,YNL242W,activation
YGL180W,YPL120W,activation
YGL180W,YPR185W,activation
YGL190C,YJL076W,activation
YGL190C,YOR195W,inhibition
YGL201C,YBL021C,activation
YGL201C,YBL035C,activation
YGL201C,YDL017W,activation
YGL201C,YDR052C,activation
YGL201C,YIR008C,activation
YGL201C,YKL045W,activation
YGL201C,YNL102W,activation
YGL201C,YNL262W,activation
YGL201C,YOR358W,activation
YGL201C,YPR175W,activation
YGL210W,YDL234C,activation
YGL211W,YNL119W,activation
YGL212W,YKL196C,activation
YGL219C,YKR001C,activation
YGL219C,YLL001W,activation
YGL240W,YGL003C,inhibition
YGL240W,YGL116W,inhibition
YGL240W,YGR108W,inhibition
YGL240W,YJL013C,inhibition
YGL240W,YJL030W,inhibition
YGL240W,YOR026W,inhibition
YGL240W,YPR119W,inhibition
YGR014W,YDR144C,activation
YGR014W,YER118C,activation
YGR014W,YLR120C,activation
YGR014W,YLR229C,activation
YGR023W,YGR070W,activation
YGR023W,YLR371W,activation
YGR040W,YDL159W,activation
YGR040W,YDR480W,inhibition
YGR040W,YER075C,inhibition
YGR040W,YER123W,inhibition
YGR040W,YFR028C,activation
YGR040W,YGR218W,activation
YGR040W,YHR084W,activation
YGR040W,YHR135C,inhibition
YGR040W,YIR026C,inhibition
YGR040W,YJL128C,inhibition
YGR040W,YJL157C,activation
YGR040W,YNL053W,inhibition
YGR040W,YNL154C,inhibition
YGR040W,YNL271C,activation
YGR040W,YOR208W,inhibition
YGR040W,YPL049C,inhibition
YGR044C,YCR039C,inhibition
YGR044C,YCR096C,inhibition
YGR044C,YCR097W,inhibition
YGR044C,YIL099W,inhibition
YGR063C,YBR154C,activation
YGR063C,YDR404C,activation
YGR063C,YGL070C,activation
YGR063C,YHR143W-A,activation
YGR063C,YIL021W,activation
YGR063C,YJL140W,activation
YGR063C,YOL005C,activation
YGR063C,YOR151C,activation
YGR063C,YOR210W,activation
YGR063C,YOR224C,activation
YGR063C,YPR187W,activation
YGR070W,YGR023W,activation
YGR070W,YLR332W,activation
YGR070W,YNL283C,activation
YGR070W,YOL105C,activation
YGR070W,YOR008C,activation
YGR070W,YPR165W,activation
YGR083C,YJR007W,activation
YGR090W,YBL004W,activation
YGR090W,YCR057C,activation
YGR090W,YDL014W,activation
YGR090W,YDL148C,activation
YGR090W,YDL153C,activation
YGR090W,YDR324C,activation
YGR090W,YDR324C,activation
YGR090W,YDR398W,activation
YGR090W,YDR398W,activation
YGR090W,YDR449C,activation
YGR090W,YER082C,activation
YGR090W,YGL171W,activation
YGR090W,YGR095C,activation
YGR090W,YGR159C,activation
YGR090W,YHR065C,activation
YGR090W,YIL091C,activation
YGR090W,YJL050W,activation
YGR090W,YJL069C,activation
YGR090W,YJL069C,activation
YGR090W,YJL109C,activation
YGR090W,YJL109C,activation
YGR090W,YJR002W,activation
YGR090W,YLL011W,activation
YGR090W,YLR129W,activation
YGR090W,YLR197W,activation
YGR090W,YLR222C,activation
YGR090W,YLR409C,activation
YGR090W,YML093W,activation
YGR090W,YMR093W,activation
YGR090W,YMR093W,activation
YGR090W,YMR128W,activation
YGR090W,YMR229C,activation
YGR090W,YNL075W,activation
YGR090W,YOR001W,activation
YGR090W,YOR310C,activation
YGR090W,YPL126W,activation
YGR090W,YPL126W,activation
YGR090W,YPL217C,activation
YGR090W,YPR137W,activation
YGR090W,YPR144C,activation
YGR092W,YAR019C,activation
YGR092W,YFR028C,activation
YGR095C,YBL004W,activation
YGR095C,YBR181C,activation
YGR095C,YBR189W,activation
YGR095C,YCL059C,activation
YGR095C,YCR031C,activation
YGR095C,YCR057C,activation
YGR095C,YDL014W,activation
YGR095C,YDL148C,activation
YGR095C,YDL153C,activation
YGR095C,YDR324C,activation
YGR095C,YDR339C,activation
YGR095C,YDR398W,activation
YGR095C,YDR449C,activation
YGR095C,YEL026W,activation
YGR095C,YER082C,activation
YGR095C,YGL123W,activation
YGR095C,YGL171W,activation
YGR095C,YGR090W,activation
YGR095C,YHR065C,activation
YGR095C,YHR148W,activation
YGR095C,YHR169W,activation
YGR095C,YIL091C,activation
YGR095C,YJL069C,activation
YGR095C,YJL109C,activation
YGR095C,YJL191W,activation
YGR095C,YJR002W,activation
YGR095C,YKL099C,activation
YGR095C,YLL011W,activation
YGR095C,YLR129W,activation
YGR095C,YLR186W,activation
YGR095C,YLR197W,activation
YGR095C,YLR222C,activation
YGR095C,YLR409C,activation
YGR095C,YML093W,activation
YGR095C,YMR093W,activation
YGR095C,YMR128W,activation
YGR095C,YMR229C,activation
YGR095C,YNL075W,activation
YGR095C,YNL096C,activation
YGR095C,YOL010W,activation
YGR095C,YOR096W,activation
YGR095C,YOR310C,activation
YGR095C,YPL081W,activation
YGR095C,YPL217C,activation
YGR095C,YPR137W,activation
YGR095C,YPR144C,activation
YGR098C,YDL003W,inhibition
YGR098C,YDR113C,inhibition
YGR098C,YFL008W,inhibition
YGR098C,YFR028C,inhibition
YGR098C,YIL026C,inhibition
YGR098C,YJL074C,inhibition
YGR098C,YOR195W,activation
YGR098C,YPR007C,inhibition
YGR100W,YML001W,activation
YGR103W,YER006W,activation
YGR103W,YHR085W,activation
YGR103W,YKL172W,activation
YGR103W,YMR049C,activation
YGR103W,YMR049C,activation
YGR103W,YOR272W,activation
YGR103W,YOR272W,activation
YGR108W,YBL084C,inhibition
YGR108W,YDR146C,inhibition
YGR108W,YFL029C,activation
YGR108W,YFR028C,activation
YGR108W,YGL003C,inhibition
YGR108W,YGL240W,inhibition
YGR108W,YGR218W,activation
YGR108W,YGR225W,inhibition
YGR108W,YJL187C,inhibition
YGR108W,YLR079W,inhibition
YGR108W,YMR036C,activation
YGR109C,YFR028C,activation
YGR109C,YGR218W,activation
YGR109C,YJL194W,activation
YGR109C,YLR079W,inhibition
YGR119C,YDL116W,activation
YGR119C,YDL116W,activation
YGR119C,YER107C,activation
YGR119C,YER107C,activation
YGR119C,YFR002W,activation
YGR119C,YFR002W,activation
YGR119C,YIL115C,activation
YGR119C,YIL115C,activation
YGR119C,YJL039C,activation
YGR119C,YJL039C,activation
YGR119C,YJL041W,activation
YGR119C,YJL041W,activation
YGR119C,YJR042W,activation
YGR119C,YJR042W,activation
YGR119C,YLR335W,activation
YGR119C,YLR335W,activation
YGR159C,YBL004W,activation
YGR159C,YBR181C,activation
YGR159C,YBR189W,activation
YGR159C,YCL059C,activation
YGR159C,YCR031C,activation
YGR159C,YCR057C,activation
YGR159C,YDL014W,activation
YGR159C,YDL148C,activation
YGR159C,YDL153C,activation
YGR159C,YDR324C,activation
YGR159C,YDR339C,activation
YGR159C,YDR398W,activation
YGR159C,YDR449C,activation
YGR159C,YEL026W,activation
YGR159C,YER082C,activation
YGR159C,YGL123W,activation
YGR159C,YGL171W,activation
YGR159C,YGR090W,activation
YGR159C,YHR065C,activation
YGR159C,YHR148W,activation
YGR159C,YHR169W,activation
YGR159C,YIL091C,activation
YGR159C,YJL069C,activation
YGR159C,YJL109C,activation
YGR159C,YJL191W,activation
YGR159C,YJR002W,activation
YGR159C,YKL099C,activation
YGR159C,YLL011W,activation
YGR159C,YLR129W,activation
YGR159C,YLR186W,activation
YGR159C,YLR197W,activation
YGR159C,YLR222C,activation
YGR159C,YLR409C,activation
YGR159C,YML093W,activation
YGR159C,YMR093W,activation
YGR159C,YMR128W,activation
YGR159C,YMR229C,activation
YGR159C,YNL075W,activation
YGR159C,YNL096C,activation
YGR159C,YOL010W,activation
YGR159C,YOR096W,activation
YGR159C,YOR310C,activation
YGR159C,YPL081W,activation
YGR159C,YPL217C,activation
YGR159C,YPR137W,activation
YGR159C,YPR144C,activation
YGR163W,YHR186C,activation
YGR188C,YGL116W,activation
YGR209C,YHR102W,activation
YGR218W,YBL016W,activation
YGR218W,YBR160W,activation
YGR218W,YDL155W,activation
YGR218W,YGR040W,activation
YGR218W,YGR108W,activation
YGR218W,YGR109C,activation
YGR218W,YLR210W,activation
YGR218W,YPR119W,activation
YGR218W,YPR120C,activation
YGR225W,YBR160W,inhibition
YGR225W,YGR108W,inhibition
YGR233C,YOL001W,inhibition
YGR233C,YPL031C,inhibition
YHL002W,YLL039C,activation
YHL002W,YLR167W,activation
YHL007C,YDR099W,activation
YHL007C,YER177W,activation
YHL007C,YJR086W,activation
YHL007C,YLR229C,activation
YHL007C,YLR362W,activation
YHL007C,YOR212W,activation
YHL031C,YKL006C-A,activation
YHR005C,YFL026W,activation
YHR005C,YKL178C,activation
YHR005C,YLR452C,inhibition
YHR030C,YBR279W,activation
YHR030C,YER075C,inhibition
YHR030C,YER111C,activation
YHR030C,YHR205W,inhibition
YHR030C,YIL113W,inhibition
YHR030C,YJL164C,inhibition
YHR030C,YKL166C,inhibition
YHR030C,YLL021W,activation
YHR030C,YLR182W,activation
YHR030C,YNL053W,inhibition
YHR030C,YOR208W,inhibition
YHR030C,YOR231W,activation
YHR030C,YPL089C,activation
YHR030C,YPL140C,activation
YHR030C,YPL203W,inhibition
YHR065C,YCL031C,activation
YHR065C,YDR324C,activation
YHR065C,YDR398W,activation
YHR065C,YGR090W,activation
YHR065C,YGR095C,activation
YHR065C,YGR159C,activation
YHR065C,YJL050W,activation
YHR065C,YJL069C,activation
YHR065C,YJL109C,activation
YHR065C,YMR093W,activation
YHR065C,YOR001W,activation
YHR065C,YPL126W,activation
YHR071W,YEL009C,inhibition
YHR084W,YBL016W,activation
YHR084W,YDR480W,inhibition
YHR084W,YGR040W,activation
YHR084W,YPL049C,inhibition
YHR085W,YGR103W,activation
YHR085W,YKL172W,activation
YHR085W,YKR063C,activation
YHR085W,YLL035W,activation
YHR085W,YMR049C,activation
YHR102W,YAR019C,activation
YHR102W,YGR209C,activation
YHR102W,YLR043C,activation
YHR111W,YCL017C,activation
YHR111W,YIL008W,activation
YHR111W,YOR251C,activation
YHR124W,YJL106W,activation
YHR135C,YBL016W,inhibition
YHR135C,YFL026W,inhibition
YHR135C,YGR040W,inhibition
YHR135C,YKL178C,inhibition
YHR143W-A,YGR063C,activation
YHR143W-A,YML010W,activation
YHR148W,YCL031C,activation
YHR148W,YDR324C,activation
YHR148W,YDR398W,activation
YHR148W,YGR095C,activation
YHR148W,YGR159C,activation
YHR148W,YJL050W,activation
YHR148W,YJL069C,activation
YHR148W,YJL109C,activation
YHR148W,YMR093W,activation
YHR148W,YOR001W,activation
YHR152W,YDR110W,inhibition
YHR166C,YGL003C,inhibition
YHR166C,YGL116W,inhibition
YHR166C,YJL013C,inhibition
YHR166C,YJL030W,inhibition
YHR166C,YMR001C,inhibition
YHR166C,YOR026W,inhibition
YHR169W,YDR324C,activation
YHR169W,YDR398W,activation
YHR169W,YGR095C,activation
YHR169W,YGR159C,activation
YHR169W,YJL050W,activation
YHR169W,YJL069C,activation
YHR169W,YJL109C,activation
YHR169W,YMR093W,activation
YHR169W,YOR001W,activation
YHR171W,YBL078C,activation
YHR171W,YBR217W,activation
YHR186C,YCR027C,activation
YHR186C,YDR062W,inhibition
YHR186C,YDR283C,inhibition
YHR186C,YGL115W,inhibition
YHR186C,YGL180W,inhibition
YHR186C,YGR163W,activation
YHR186C,YHR205W,activation
YHR186C,YML121W,activation
YHR186C,YMR028W,activation
YHR186C,YMR296C,inhibition
YHR186C,YPR185W,inhibition
YHR205W,YBR109C,inhibition
YHR205W,YDR466W,inhibition
YHR205W,YFL033C,inhibition
YHR205W,YHR030C,inhibition
YHR205W,YHR186C,activation
YHR205W,YJR066W,activation
YHR205W,YKL203C,activation
YHR205W,YNL006W,activation
YIL003W,YMR301C,activation
YIL004C,YLR026C,activation
YIL004C,YLR078C,activation
YIL004C,YLR268W,activation
YIL008W,YHR111W,activation
YIL008W,YLR109W,activation
YIL015W,YGL089C,inhibition
YIL015W,YPL187W,inhibition
YIL021W,YGR063C,activation
YIL021W,YML010W,activation
YIL026C,YGR098C,inhibition
YIL035C,YIL146C,activation
YIL042C,YBR221C,inhibition
YIL042C,YER178W,inhibition
YIL042C,YFL018C,inhibition
YIL042C,YNL071W,inhibition
YIL046W,YJL187C,inhibition
YIL065C,YKR001C,activation
YIL065C,YLL001W,activation
YIL091C,YDR324C,activation
YIL091C,YDR398W,activation
YIL091C,YGR090W,activation
YIL091C,YGR095C,activation
YIL091C,YGR159C,activation
YIL091C,YJL050W,activation
YIL091C,YJL069C,activation
YIL091C,YJL109C,activation
YIL091C,YMR093W,activation
YIL091C,YOR001W,activation
YIL099W,YGR044C,inhibition
YIL106W,YAR019C,activation
YIL106W,YFR028C,activation
YIL113W,YHR030C,inhibition
YIL115C,YDL116W,activation
YIL115C,YDL116W,activation
YIL115C,YDL207W,activation
YIL115C,YFR002W,activation
YIL115C,YFR002W,activation
YIL115C,YGR119C,activation
YIL115C,YGR119C,activation
YIL115C,YJL041W,activation
YIL115C,YJL041W,activation
YIL115C,YLR335W,activation
YIL115C,YLR335W,activation
YIL144W,YER018C,activation
YIL144W,YER018C,activation
YIL144W,YJL030W,activation
YIL144W,YJL030W,activation
YIL144W,YMR001C,activation
YIL144W,YMR001C,activation
YIL144W,YOL069W,activation
YIL144W,YOL069W,activation
YIL144W,YPL155C,activation
YIL144W,YPL155C,activation
YIL144W,YPL209C,activation
YIL144W,YPL209C,activation
YIL146C,YBL078C,activation
YIL146C,YGL019W,activation
YIL146C,YIL035C,activation
YIL146C,YOR039W,activation
YIL146C,YOR061W,activation
YIL146C,YPR024W,activation
YIL147C,YDL235C,activation
YIL149C,YJL041W,activation
YIL149C,YJL041W,activation
YIL150C,YBL021C,activation
YIL150C,YBL035C,activation
YIL150C,YIR008C,activation
YIL150C,YKL045W,activation
YIL150C,YNL102W,activation
YIL150C,YNL262W,activation
YIL150C,YOR358W,activation
YIL150C,YPR175W,activation
YIL159W,YPR165W,activation
YIR008C,YAR007C,activation
YIR008C,YBL023C,activation
YIR008C,YBR060C,activation
YIR008C,YBR160W,activation
YIR008C,YBR202W,activation
YIR008C,YDL017W,activation
YIR008C,YEL032W,activation
YIR008C,YGL201C,activation
YIR008C,YIL150C,activation
YIR008C,YJL194W,activation
YIR008C,YLR103C,activation
YIR008C,YLR274W,activation
YIR008C,YNL261W,activation
YIR008C,YNL312W,activation
YIR008C,YPR019W,activation
YIR008C,YPR162C,activation
YIR026C,YBL016W,inhibition
YIR026C,YGR040W,inhibition
YJL005W,YDL035C,activation
YJL005W,YER020W,activation
YJL005W,YNL098C,activation
YJL005W,YOR101W,activation
YJL013C,YBL084C,inhibition
YJL013C,YDL008W,inhibition
YJL013C,YDR118W,inhibition
YJL013C,YGL116W,activation
YJL013C,YGL240W,inhibition
YJL013C,YHR166C,inhibition
YJL013C,YJL030W,activation
YJL013C,YKL022C,inhibition
YJL013C,YLR127C,inhibition
YJL013C,YNL172W,inhibition
YJL013C,YOR026W,activation
YJL030W,YBL084C,inhibition
YJL030W,YDL008W,inhibition
YJL030W,YDR118W,inhibition
YJL030W,YER018C,activation
YJL030W,YER018C,activation
YJL030W,YGL086W,activation
YJL030W,YGL086W,activation
YJL030W,YGL086W,activation
YJL030W,YGL116W,activation
YJL030W,YGL116W,inhibition
YJL030W,YGL240W,inhibition
YJL030W,YHR166C,inhibition
YJL030W,YIL144W,activation
YJL030W,YIL144W,activation
YJL030W,YJL013C,activation
YJL030W,YKL022C,inhibition
YJL030W,YLR127C,inhibition
YJL030W,YMR001C,activation
YJL030W,YMR001C,activation
YJL030W,YNL172W,inhibition
YJL030W,YOL069W,activation
YJL030W,YOL069W,activation
YJL030W,YOR026W,activation
YJL030W,YOR026W,activation
YJL030W,YOR026W,activation
YJL030W,YPL155C,activation
YJL030W,YPL155C,activation
YJL030W,YPL209C,activation
YJL030W,YPL209C,activation
YJL031C,YPR176C,inhibition
YJL039C,YDL116W,activation
YJL039C,YDL116W,activation
YJL039C,YFR002W,activation
YJL039C,YFR002W,activation
YJL039C,YGL100W,activation
YJL039C,YGL100W,activation
YJL039C,YGR119C,activation
YJL039C,YGR119C,activation
YJL039C,YJL041W,activation
YJL039C,YJL041W,activation
YJL039C,YJR042W,activation
YJL039C,YJR042W,activation
YJL039C,YKR082W,activation
YJL039C,YKR082W,activation
YJL039C,YLR335W,activation
YJL039C,YLR335W,activation
YJL041W,YBL079W,activation
YJL041W,YBL079W,activation
YJL041W,YDL116W,activation
YJL041W,YDL116W,activation
YJL041W,YDL207W,activation
YJL041W,YER009W,activation
YJL041W,YER105C,activation
YJL041W,YER105C,activation
YJL041W,YER107C,activation
YJL041W,YER107C,activation
YJL041W,YFR002W,activation
YJL041W,YFR002W,activation
YJL041W,YGL100W,activation
YJL041W,YGL100W,activation
YJL041W,YGR119C,activation
YJL041W,YGR119C,activation
YJL041W,YIL115C,activation
YJL041W,YIL115C,activation
YJL041W,YIL149C,activation
YJL041W,YIL149C,activation
YJL041W,YJL039C,activation
YJL041W,YJL039C,activation
YJL041W,YJR042W,activation
YJL041W,YJR042W,activation
YJL041W,YKR082W,activation
YJL041W,YKR082W,activation
YJL041W,YKR095W,activation
YJL041W,YKR095W,activation
YJL041W,YLR335W,activation
YJL041W,YLR335W,activation
YJL041W,YPL169C,activation
YJL050W,YBL004W,activation
YJL050W,YBR181C,activation
YJL050W,YBR189W,activation
YJL050W,YCL059C,activation
YJL050W,YCR031C,activation
YJL050W,YCR057C,activation
YJL050W,YDL014W,activation
YJL050W,YDL148C,activation
YJL050W,YDL153C,activation
YJL050W,YDR324C,activation
YJL050W,YDR339C,activation
YJL050W,YDR398W,activation
YJL050W,YDR449C,activation
YJL050W,YEL026W,activation
YJL050W,YER082C,activation
YJL050W,YGL123W,activation
YJL050W,YGL171W,activation
YJL050W,YGR090W,activation
YJL050W,YHR065C,activation
YJL050W,YHR148W,activation
YJL050W,YHR169W,activation
YJL050W,YIL091C,activation
YJL050W,YJL069C,activation
YJL050W,YJL109C,activation
YJL050W,YJL191W,activation
YJL050W,YJR002W,activation
YJL050W,YKL099C,activation
YJL050W,YLL011W,activation
YJL050W,YLR129W,activation
YJL050W,YLR186W,activation
YJL050W,YLR197W,activation
YJL050W,YLR222C,activation
YJL050W,YLR409C,activation
YJL050W,YML093W,activation
YJL050W,YMR093W,activation
YJL050W,YMR128W,activation
YJL050W,YMR229C,activation
YJL050W,YNL075W,activation
YJL050W,YNL096C,activation
YJL050W,YOL010W,activation
YJL050W,YOR096W,activation
YJL050W,YOR310C,activation
YJL050W,YPL081W,activation
YJL050W,YPL217C,activation
YJL050W,YPR137W,activation
YJL050W,YPR144C,activation
YJL069C,YBL004W,activation
YJL069C,YBR181C,activation
YJL069C,YBR189W,activation
YJL069C,YCL059C,activation
YJL069C,YCR031C,activation
YJL069C,YCR057C,activation
YJL069C,YDL014W,activation
YJL069C,YDL148C,activation
YJL069C,YDL153C,activation
YJL069C,YDR324C,activation
YJL069C,YDR324C,activation
YJL069C,YDR339C,activation
YJL069C,YDR398W,activation
YJL069C,YDR398W,activation
YJL069C,YDR449C,activation
YJL069C,YEL026W,activation
YJL069C,YER082C,activation
YJL069C,YGL123W,activation
YJL069C,YGL171W,activation
YJL069C,YGR090W,activation
YJL069C,YGR090W,activation
YJL069C,YGR095C,activation
YJL069C,YGR159C,activation
YJL069C,YHR065C,activation
YJL069C,YHR148W,activation
YJL069C,YHR169W,activation
YJL069C,YIL091C,activation
YJL069C,YJL050W,activation
YJL069C,YJL109C,activation
YJL069C,YJL109C,activation
YJL069C,YJL191W,activation
YJL069C,YJR002W,activation
YJL069C,YKL099C,activation
YJL069C,YLL011W,activation
YJL069C,YLR129W,activation
YJL069C,YLR186W,activation
YJL069C,YLR197W,activation
YJL069C,YLR222C,activation
YJL069C,YLR409C,activation
YJL069C,YML093W,activation
YJL069C,YMR093W,activation
YJL069C,YMR093W,activation
YJL069C,YMR128W,activation
YJL069C,YMR229C,activation
YJL069C,YNL075W,activation
YJL069C,YNL096C,activation
YJL069C,YOL010W,activation
YJL069C,YOR001W,activation
YJL069C,YOR096W,activation
YJL069C,YOR310C,activation
YJL069C,YPL081W,activation
YJL069C,YPL126W,activation
YJL069C,YPL126W,activation
YJL069C,YPL217C,activation
YJL069C,YPR137W,activation
YJL069C,YPR144C,activation
YJL074C,YGR098C,inhibition
YJL076W,YAL016W,activation
YJL076W,YDL134C,activation
YJL076W,YDL188C,activation
YJL076W,YDR110W,inhibition
YJL076W,YFR028C,inhibition
YJL076W,YGL190C,activation
YJL095W,YBL105C,activation
YJL095W,YOR231W,activation
YJL095W,YPL140C,activation
YJL101C,YNL103W,activation
YJL106W,YDR310C,inhibition
YJL106W,YHR124W,activation
YJL106W,YJR094C,activation
YJL106W,YLR079W,activation
YJL109C,YBL004W,activation
YJL109C,YBR181C,activation
YJL109C,YBR189W,activation
YJL109C,YCL059C,activation
YJL109C,YCR031C,activation
YJL109C,YCR057C,activation
YJL109C,YDL014W,activation
YJL109C,YDL148C,activation
YJL109C,YDL153C,activation
YJL109C,YDR324C,activation
YJL109C,YDR324C,activation
YJL109C,YDR339C,activation
YJL109C,YDR398W,activation
YJL109C,YDR398W,activation
YJL109C,YDR449C,activation
YJL109C,YEL026W,activation
YJL109C,YER082C,activation
YJL109C,YGL123W,activation
YJL109C,YGL171W,activation
YJL109C,YGR090W,activation
YJL109C,YGR090W,activation
YJL109C,YGR095C,activation
YJL109C,YGR159C,activation
YJL109C,YHR065C,activation
YJL109C,YHR148W,activation
YJL109C,YHR169W,activation
YJL109C,YIL091C,activation
YJL109C,YJL050W,activation
YJL109C,YJL069C,activation
YJL109C,YJL069C,activation
YJL109C,YJL191W,activation
YJL109C,YJR002W,activation
YJL109C,YKL099C,activation
YJL109C,YLL011W,activation
YJL109C,YLR129W,activation
YJL109C,YLR186W,activation
YJL109C,YLR197W,activation
YJL109C,YLR222C,activation
YJL109C,YLR409C,activation
YJL109C,YML093W,activation
YJL109C,YMR093W,activation
YJL109C,YMR093W,activation
YJL109C,YMR128W,activation
YJL109C,YMR229C,activation
YJL109C,YNL075W,activation
YJL109C,YNL096C,activation
YJL109C,YOL010W,activation
YJL109C,YOR001W,activation
YJL109C,YOR096W,activation
YJL109C,YOR310C,activation
YJL109C,YPL081W,activation
YJL109C,YPL126W,activation
YJL109C,YPL126W,activation
YJL109C,YPL217C,activation
YJL109C,YPR137W,activation
YJL109C,YPR144C,activation
YJL128C,YBL016W,inhibition
YJL128C,YCR073C,activation
YJL128C,YGR040W,inhibition
YJL128C,YLR113W,activation
YJL128C,YLR362W,activation
YJL128C,YNR031C,activation
YJL140W,YGR063C,activation
YJL140W,YML010W,activation
YJL157C,YBL016W,activation
YJL157C,YBR160W,inhibition
YJL157C,YDL132W,inhibition
YJL157C,YDR328C,inhibition
YJL157C,YFL009W,inhibition
YJL157C,YGR040W,activation
YJL157C,YJR086W,activation
YJL157C,YMR199W,inhibition
YJL157C,YOL133W,inhibition
YJL157C,YOR212W,activation
YJL157C,YPL256C,inhibition
YJL164C,YFL033C,inhibition
YJL164C,YHR030C,inhibition
YJL164C,YKL062W,inhibition
YJL164C,YMR016C,activation
YJL164C,YMR037C,inhibition
YJL164C,YNL098C,activation
YJL164C,YOR101W,activation
YJL187C,YBR133C,inhibition
YJL187C,YBR160W,inhibition
YJL187C,YCL024W,inhibition
YJL187C,YDL132W,inhibition
YJL187C,YDR328C,inhibition
YJL187C,YDR507C,inhibition
YJL187C,YGR108W,inhibition
YJL187C,YIL046W,inhibition
YJL187C,YKL101W,inhibition
YJL187C,YMR001C,inhibition
YJL187C,YOL133W,inhibition
YJL187C,YPR119W,inhibition
YJL191W,YDR324C,activation
YJL191W,YDR398W,activation
YJL191W,YGR095C,activation
YJL191W,YGR159C,activation
YJL191W,YJL050W,activation
YJL191W,YJL069C,activation
YJL191W,YJL109C,activation
YJL191W,YMR093W,activation
YJL191W,YOR001W,activation
YJL194W,YBL021C,activation
YJL194W,YBL035C,activation
YJL194W,YBR160W,activation
YJL194W,YDL132W,inhibition
YJL194W,YDR328C,inhibition
YJL194W,YFL009W,inhibition
YJL194W,YGR109C,activation
YJL194W,YIR008C,activation
YJL194W,YKL045W,activation
YJL194W,YNL102W,activation
YJL194W,YNL262W,activation
YJL194W,YOL133W,inhibition
YJL194W,YOR358W,activation
YJL194W,YPR120C,activation
YJL194W,YPR175W,activation
YJR002W,YDR324C,activation
YJR002W,YDR398W,activation
YJR002W,YGR090W,activation
YJR002W,YGR095C,activation
YJR002W,YGR159C,activation
YJR002W,YJL050W,activation
YJR002W,YJL069C,activation
YJR002W,YJL109C,activation
YJR002W,YMR093W,activation
YJR002W,YOR001W,activation
YJR006W,YBR088C,activation
YJR007W,YDR211W,activation
YJR007W,YDR283C,activation
YJR007W,YDR283C,inhibition
YJR007W,YEL009C,activation
YJR007W,YGR083C,activation
YJR007W,YKR026C,activation
YJR007W,YLR291C,activation
YJR007W,YOR260W,activation
YJR042W,YDL116W,activation
YJR042W,YDL116W,activation
YJR042W,YFR002W,activation
YJR042W,YFR002W,activation
YJR042W,YGL100W,activation
YJR042W,YGL100W,activation
YJR042W,YGR119C,activation
YJR042W,YGR119C,activation
YJR042W,YJL039C,activation
YJR042W,YJL039C,activation
YJR042W,YJL041W,activation
YJR042W,YJL041W,activation
YJR042W,YLR208W,activation
YJR042W,YLR208W,activation
YJR053W,YML064C,inhibition
YJR053W,YMR001C,inhibition
YJR065C,YPR049C,activation
YJR066W,YDR062W,inhibition
YJR066W,YDR207C,activation
YJR066W,YDR283C,inhibition
YJR066W,YGL115W,inhibition
YJR066W,YGL180W,inhibition
YJR066W,YHR205W,activation
YJR066W,YLR147C,activation
YJR066W,YMR028W,activation
YJR066W,YMR296C,inhibition
YJR066W,YOL004W,activation
YJR066W,YPR185W,inhibition
YJR086W,YHL007C,activation
YJR086W,YJL157C,activation
YJR086W,YNL298W,activation
YJR086W,YOL113W,activation
YJR090C,YMR199W,inhibition
YJR090C,YPL256C,inhibition
YJR094C,YJL106W,activation
YJR138W,YBL104C,inhibition
YJR138W,YDR128W,inhibition
YJR138W,YML121W,inhibition
YJR138W,YOL138C,inhibition
YKL002W,YBL078C,activation
YKL006C-A,YHL031C,activation
YKL006C-A,YKL196C,activation
YKL006C-A,YLR026C,activation
YKL015W,YLR142W,activation
YKL022C,YGL003C,inhibition
YKL022C,YGL116W,inhibition
YKL022C,YJL013C,inhibition
YKL022C,YJL030W,inhibition
YKL022C,YOR026W,inhibition
YKL041W,YBL078C,activation
YKL045W,YAR007C,activation
YKL045W,YBL023C,activation
YKL045W,YBR060C,activation
YKL045W,YBR160W,activation
YKL045W,YBR202W,activation
YKL045W,YDL017W,activation
YKL045W,YEL032W,activation
YKL045W,YGL201C,activation
YKL045W,YIL150C,activation
YKL045W,YJL194W,activation
YKL045W,YLR103C,activation
YKL045W,YLR274W,activation
YKL045W,YNL261W,activation
YKL045W,YNL312W,activation
YKL045W,YPR019W,activation
YKL045W,YPR162C,activation
YKL048C,YDR477W,activation
YKL062W,YFL033C,activation
YKL062W,YJL164C,inhibition
YKL062W,YKL166C,inhibition
YKL062W,YLR113W,activation
YKL062W,YPL203W,inhibition
YKL092C,YBR260C,inhibition
YKL092C,YNL098C,inhibition
YKL092C,YOR101W,inhibition
YKL099C,YCL031C,activation
YKL099C,YDR324C,activation
YKL099C,YDR398W,activation
YKL099C,YGR095C,activation
YKL099C,YGR159C,activation
YKL099C,YJL050W,activation
YKL099C,YJL069C,activation
YKL099C,YJL109C,activation
YKL099C,YMR093W,activation
YKL099C,YOR001W,activation
YKL099C,YOR287C,activation
YKL101W,YJL187C,inhibition
YKL101W,YLR113W,inhibition
YKL112W,YAL054C,activation
YKL126W,YBR109C,inhibition
YKL126W,YDR466W,inhibition
YKL143W,YCR047C,activation
YKL161C,YBR279W,activation
YKL161C,YER111C,activation
YKL161C,YLR182W,activation
YKL161C,YOR231W,activation
YKL161C,YPL089C,activation
YKL161C,YPL140C,activation
YKL166C,YFL033C,inhibition
YKL166C,YHR030C,inhibition
YKL166C,YKL062W,inhibition
YKL166C,YMR016C,activation
YKL166C,YMR037C,inhibition
YKL166C,YNL098C,activation
YKL166C,YOR101W,activation
YKL172W,YGR103W,activation
YKL172W,YHR085W,activation
YKL172W,YMR049C,activation
YKL172W,YOR272W,activation
YKL178C,YDR461W,activation
YKL178C,YER125W,inhibition
YKL178C,YHR005C,activation
YKL178C,YHR135C,inhibition
YKL178C,YNL145W,activation
YKL178C,YNL154C,inhibition
YKL196C,YAL014C,activation
YKL196C,YGL212W,activation
YKL196C,YKL006C-A,activation
YKL196C,YMR197C,activation
YKL196C,YOR106W,activation
YKL203C,YDR062W,inhibition
YKL203C,YDR207C,activation
YKL203C,YDR283C,inhibition
YKL203C,YGL115W,inhibition
YKL203C,YGL180W,inhibition
YKL203C,YHR205W,activation
YKL203C,YLR147C,activation
YKL203C,YMR028W,activation
YKL203C,YMR296C,inhibition
YKL203C,YOL004W,activation
YKL203C,YPR185W,inhibition
YKR001C,YAL010C,activation
YKR001C,YGL219C,activation
YKR001C,YIL065C,activation
YKR001C,YLL006W,activation
YKR001C,YOL009C,activation
YKR001C,YPR049C,activation
YKR026C,YJR007W,activation
YKR054C,YOR269W,activation
YKR054C,YOR269W,activation
YKR059W,YPR163C,activation
YKR063C,YHR085W,activation
YKR063C,YLL035W,activation
YKR063C,YLL035W,activation
YKR063C,YNL182C,activation
YKR082W,YDL116W,activation
YKR082W,YDL116W,activation
YKR082W,YJL039C,activation
YKR082W,YJL039C,activation
YKR082W,YJL041W,activation
YKR082W,YJL041W,activation
YKR082W,YLR208W,activation
YKR082W,YLR208W,activation
YKR095W,YJL041W,activation
YKR095W,YJL041W,activation
YLL001W,YAL010C,activation
YLL001W,YGL219C,activation
YLL001W,YIL065C,activation
YLL001W,YLL006W,activation
YLL001W,YOL009C,activation
YLL001W,YPR049C,activation
YLL004W,YBL035C,activation
YLL004W,YNL102W,activation
YLL004W,YPR175W,activation
YLL006W,YKR001C,activation
YLL006W,YLL001W,activation
YLL011W,YCL031C,activation
YLL011W,YDR324C,activation
YLL011W,YDR398W,activation
YLL011W,YGR090W,activation
YLL011W,YGR095C,activation
YLL011W,YGR159C,activation
YLL011W,YJL050W,activation
YLL011W,YJL069C,activation
YLL011W,YJL109C,activation
YLL011W,YMR093W,activation
YLL011W,YOR001W,activation
YLL011W,YPL126W,activation
YLL021W,YHR030C,activation
YLL021W,YOR231W,activation
YLL021W,YPL140C,activation
YLL024C,YOR178C,inhibition
YLL027W,YGL018C,activation
YLL035W,YHR085W,activation
YLL035W,YKR063C,activation
YLL035W,YKR063C,activation
YLL035W,YNL182C,activation
YLL039C,YBR088C,activation
YLL039C,YHL002W,activation
YLL039C,YOL087C,inhibition
YLL042C,YBR217W,activation
YLR006C,YCR073C,activation
YLR006C,YDL235C,inhibition
YLR006C,YNR031C,activation
YLR025W,YBL078C,activation
YLR026C,YIL004C,activation
YLR026C,YKL006C-A,activation
YLR043C,YHR102W,activation
YLR045C,YPL155C,activation
YLR045C,YPL155C,activation
YLR056W,YGL012W,activation
YLR078C,YIL004C,activation
YLR079W,YBR160W,inhibition
YLR079W,YDL132W,inhibition
YLR079W,YDR328C,inhibition
YLR079W,YFL009W,inhibition
YLR079W,YFR028C,activation
YLR079W,YGR108W,inhibition
YLR079W,YGR109C,inhibition
YLR079W,YJL106W,activation
YLR079W,YLR113W,activation
YLR079W,YMR199W,inhibition
YLR079W,YOL133W,inhibition
YLR079W,YPL256C,inhibition
YLR079W,YPR119W,inhibition
YLR079W,YPR120C,inhibition
YLR086W,YFR031C,activation
YLR086W,YFR031C,activation
YLR103C,YBL021C,activation
YLR103C,YBL035C,activation
YLR103C,YIR008C,activation
YLR103C,YKL045W,activation
YLR103C,YNL102W,activation
YLR103C,YNL262W,activation
YLR103C,YOR358W,activation
YLR103C,YPR175W,activation
YLR109W,YIL008W,activation
YLR113W,YBR133C,inhibition
YLR113W,YBR182C,activation
YLR113W,YDL006W,inhibition
YLR113W,YER075C,inhibition
YLR113W,YJL128C,activation
YLR113W,YKL062W,activation
YLR113W,YKL101W,inhibition
YLR113W,YLR079W,activation
YLR113W,YLR229C,activation
YLR113W,YMR037C,activation
YLR113W,YMR172W,activation
YLR113W,YNL167C,inhibition
YLR113W,YOR208W,inhibition
YLR120C,YGR014W,activation
YLR127C,YGL003C,inhibition
YLR127C,YGL116W,inhibition
YLR127C,YJL013C,inhibition
YLR127C,YJL030W,inhibition
YLR128W,YDL132W,inhibition
YLR128W,YLR306W,inhibition
YLR128W,YOL133W,inhibition
YLR128W,YOL133W,inhibition
YLR129W,YCL031C,activation
YLR129W,YDR324C,activation
YLR129W,YDR398W,activation
YLR129W,YGR090W,activation
YLR129W,YGR095C,activation
YLR129W,YGR159C,activation
YLR129W,YJL050W,activation
YLR129W,YJL069C,activation
YLR129W,YJL109C,activation
YLR129W,YMR093W,activation
YLR129W,YOR001W,activation
YLR129W,YPL126W,activation
YLR131C,YLR286C,activation
YLR142W,YKL015W,activation
YLR147C,YJR066W,activation
YLR147C,YKL203C,activation
YLR167W,YHL002W,activation
YLR167W,YOL087C,inhibition
YLR176C,YDL101C,inhibition
YLR182W,YAL040C,activation
YLR182W,YBR160W,activation
YLR182W,YHR030C,activation
YLR182W,YKL161C,activation
YLR182W,YMR199W,activation
YLR182W,YOR083W,inhibition
YLR182W,YPL256C,activation
YLR186W,YDR324C,activation
YLR186W,YDR398W,activation
YLR186W,YGR095C,activation
YLR186W,YGR159C,activation
YLR186W,YJL050W,activation
YLR186W,YJL069C,activation
YLR186W,YJL109C,activation
YLR186W,YMR093W,activation
YLR186W,YOR001W,activation
YLR197W,YDR324C,activation
YLR197W,YDR398W,activation
YLR197W,YGR090W,activation
YLR197W,YGR095C,activation
YLR197W,YGR159C,activation
YLR197W,YJL050W,activation
YLR197W,YJL069C,activation
YLR197W,YJL109C,activation
YLR197W,YMR093W,activation
YLR197W,YOR001W,activation
YLR197W,YPL126W,activation
YLR208W,YDL116W,activation
YLR208W,YDL116W,activation
YLR208W,YGL100W,activation
YLR208W,YGL100W,activation
YLR208W,YJR042W,activation
YLR208W,YJR042W,activation
YLR208W,YKR082W,activation
YLR208W,YKR082W,activation
YLR210W,YFR028C,activation
YLR210W,YGR218W,activation
YLR214W,YMR021C,activation
YLR222C,YCL031C,activation
YLR222C,YDR324C,activation
YLR222C,YDR398W,activation
YLR222C,YGR090W,activation
YLR222C,YGR095C,activation
YLR222C,YGR159C,activation
YLR222C,YJL050W,activation
YLR222C,YJL069C,activation
YLR222C,YJL109C,activation
YLR222C,YMR093W,activation
YLR222C,YOR001W,activation
YLR222C,YPL126W,activation
YLR229C,YAL041W,activation
YLR229C,YAL041W,activation
YLR229C,YAL041W,inhibition
YLR229C,YBR109C,inhibition
YLR229C,YDR099W,activation
YLR229C,YDR379W,inhibition
YLR229C,YDR420W,activation
YLR229C,YER118C,activation
YLR229C,YER177W,activation
YLR229C,YFL039C,activation
YLR229C,YGR014W,activation
YLR229C,YHL007C,activation
YLR229C,YLR113W,activation
YLR229C,YNL271C,activation
YLR229C,YNL298W,activation
YLR229C,YOL113W,activation
YLR229C,YOR127W,inhibition
YLR229C,YOR181W,activation
YLR229C,YPL115C,inhibition
YLR229C,YPL242C,inhibition
YLR229C,YPL242C,inhibition
YLR229C,YPR165W,activation
YLR229C,YPR165W,inhibition
YLR240W,YBL078C,activation
YLR240W,YBL078C,activation
YLR240W,YBR097W,activation
YLR240W,YDL149W,activation
YLR240W,YPL120W,activation
YLR263W,YBR136W,activation
YLR263W,YOR351C,activation
YLR268W,YDR498C,activation
YLR268W,YGL098W,activation
YLR268W,YIL004C,activation
YLR268W,YOR075W,activation
YLR274W,YBL021C,activation
YLR274W,YBL035C,activation
YLR274W,YDL017W,activation
YLR274W,YDR052C,activation
YLR274W,YIR008C,activation
YLR274W,YKL045W,activation
YLR274W,YNL102W,activation
YLR274W,YNL262W,activation
YLR274W,YOR358W,activation
YLR274W,YPR175W,activation
YLR286C,YLR131C,activation
YLR288C,YBR136W,activation
YLR291C,YER025W,activation
YLR291C,YJR007W,activation
YLR306W,YDL132W,inhibition
YLR306W,YLR128W,inhibition
YLR306W,YOL133W,inhibition
YLR332W,YGR070W,activation
YLR332W,YLR371W,activation
YLR335W,YDL116W,activation
YLR335W,YDL116W,activation
YLR335W,YFR002W,activation
YLR335W,YFR002W,activation
YLR335W,YGR119C,activation
YLR335W,YGR119C,activation
YLR335W,YIL115C,activation
YLR335W,YIL115C,activation
YLR335W,YJL039C,activation
YLR335W,YJL039C,activation
YLR335W,YJL041W,activation
YLR335W,YJL041W,activation
YLR362W,YCL032W,activation
YLR362W,YDL159W,activation
YLR362W,YHL007C,activation
YLR362W,YJL128C,activation
YLR362W,YNL298W,activation
YLR362W,YOL113W,activation
YLR371W,YGR023W,activation
YLR371W,YLR332W,activation
YLR371W,YNL283C,activation
YLR371W,YOL105C,activation
YLR371W,YOR008C,activation
YLR371W,YPR165W,activation
YLR409C,YDR324C,activation
YLR409C,YDR398W,activation
YLR409C,YGR090W,activation
YLR409C,YGR095C,activation
YLR409C,YGR159C,activation
YLR409C,YJL050W,activation
YLR409C,YJL069C,activation
YLR409C,YJL109C,activation
YLR409C,YMR093W,activation
YLR409C,YOR001W,activation
YLR409C,YPL126W,activation
YLR423C,YDL149W,activation
YLR423C,YPR185W,activation
YLR425W,YPR165W,activation
YLR451W,YCL018W,activation
YLR452C,YHR005C,inhibition
YML001W,YDL234C,activation
YML001W,YGR100W,activation
YML010W,YBR154C,activation
YML010W,YDR404C,activation
YML010W,YGL070C,activation
YML010W,YHR143W-A,activation
YML010W,YIL021W,activation
YML010W,YJL140W,activation
YML010W,YOL005C,activation
YML010W,YOR151C,activation
YML010W,YOR210W,activation
YML010W,YOR224C,activation
YML010W,YPR187W,activation
YML064C,YAL024C,activation
YML064C,YAR019C,activation
YML064C,YJR053W,inhibition
YML064C,YMR055C,inhibition
YML065W,YNL102W,activation
YML093W,YDR324C,activation
YML093W,YDR398W,activation
YML093W,YGR090W,activation
YML093W,YGR095C,activation
YML093W,YGR159C,activation
YML093W,YJL050W,activation
YML093W,YJL069C,activation
YML093W,YJL109C,activation
YML093W,YMR093W,activation
YML093W,YOR001W,activation
YML093W,YOR287C,activation
YML093W,YPL126W,activation
YML121W,YEL062W,inhibition
YML121W,YHR186C,activation
YML121W,YJR138W,inhibition
YMR001C,YBL084C,inhibition
YMR001C,YGL003C,inhibition
YMR001C,YHR166C,inhibition
YMR001C,YIL144W,activation
YMR001C,YIL144W,activation
YMR001C,YJL030W,activation
YMR001C,YJL030W,activation
YMR001C,YJL187C,inhibition
YMR001C,YJR053W,inhibition
YMR001C,YMR036C,activation
YMR001C,YMR055C,inhibition
YMR001C,YPL153C,activation
YMR001C,YPR007C,inhibition
YMR016C,YJL164C,activation
YMR016C,YKL166C,activation
YMR016C,YPL203W,activation
YMR021C,YLR214W,activation
YMR028W,YDL134C,activation
YMR028W,YDL188C,activation
YMR028W,YHR186C,activation
YMR028W,YJR066W,activation
YMR028W,YKL203C,activation
YMR028W,YNL006W,activation
YMR028W,YPR040W,inhibition
YMR036C,YBR160W,activation
YMR036C,YBR274W,inhibition
YMR036C,YGR108W,activation
YMR036C,YMR001C,activation
YMR036C,YPR119W,activation
YMR037C,YFL033C,activation
YMR037C,YJL164C,inhibition
YMR037C,YKL166C,inhibition
YMR037C,YLR113W,activation
YMR037C,YPL203W,inhibition
YMR049C,YER006W,activation
YMR049C,YGR103W,activation
YMR049C,YGR103W,activation
YMR049C,YHR085W,activation
YMR049C,YKL172W,activation
YMR049C,YOR272W,activation
YMR049C,YOR272W,activation
YMR055C,YML064C,inhibition
YMR055C,YMR001C,inhibition
YMR077C,YBL078C,activation
YMR093W,YBL004W,activation
YMR093W,YBR181C,activation
YMR093W,YBR189W,activation
YMR093W,YCL059C,activation
YMR093W,YCR031C,activation
YMR093W,YCR057C,activation
YMR093W,YDL014W,activation
YMR093W,YDL148C,activation
YMR093W,YDL153C,activation
YMR093W,YDR324C,activation
YMR093W,YDR324C,activation
YMR093W,YDR339C,activation
YMR093W,YDR398W,activation
YMR093W,YDR398W,activation
YMR093W,YDR449C,activation
YMR093W,YEL026W,activation
YMR093W,YER082C,activation
YMR093W,YGL123W,activation
YMR093W,YGL171W,activation
YMR093W,YGR090W,activation
YMR093W,YGR090W,activation
YMR093W,YGR095C,activation
YMR093W,YGR159C,activation
YMR093W,YHR065C,activation
YMR093W,YHR148W,activation
YMR093W,YHR169W,activation
YMR093W,YIL091C,activation
YMR093W,YJL050W,activation
YMR093W,YJL069C,activation
YMR093W,YJL069C,activation
YMR093W,YJL109C,activation
YMR093W,YJL109C,activation
YMR093W,YJL191W,activation
YMR093W,YJR002W,activation
YMR093W,YKL099C,activation
YMR093W,YLL011W,activation
YMR093W,YLR129W,activation
YMR093W,YLR186W,activation
YMR093W,YLR197W,activation
YMR093W,YLR222C,activation
YMR093W,YLR409C,activation
YMR093W,YML093W,activation
YMR093W,YMR128W,activation
YMR093W,YMR229C,activation
YMR093W,YNL075W,activation
YMR093W,YNL096C,activation
YMR093W,YOL010W,activation
YMR093W,YOR001W,activation
YMR093W,YOR096W,activation
YMR093W,YOR310C,activation
YMR093W,YPL081W,activation
YMR093W,YPL126W,activation
YMR093W,YPL126W,activation
YMR093W,YPL217C,activation
YMR093W,YPR137W,activation
YMR093W,YPR144C,activation
YMR104C,YBR109C,inhibition
YMR104C,YDR466W,inhibition
YMR128W,YDR324C,activation
YMR128W,YDR398W,activation
YMR128W,YGR090W,activation
YMR128W,YGR095C,activation
YMR128W,YGR159C,activation
YMR128W,YJL050W,activation
YMR128W,YJL069C,activation
YMR128W,YJL109C,activation
YMR128W,YMR093W,activation
YMR128W,YOR001W,activation
YMR128W,YPL126W,activation
YMR139W,YDR207C,activation
YMR159C,YNR007C,activation
YMR172W,YLR113W,activation
YMR183C,YAL030W,activation
YMR183C,YOR327C,activation
YMR197C,YAL030W,activation
YMR197C,YKL196C,activation
YMR197C,YOR327C,activation
YMR199W,YDL132W,inhibition
YMR199W,YDR328C,inhibition
YMR199W,YJL157C,inhibition
YMR199W,YJR090C,inhibition
YMR199W,YLR079W,inhibition
YMR199W,YLR182W,activation
YMR199W,YOL133W,inhibition
YMR199W,YOR083W,inhibition
YMR224C,YBL088C,activation
YMR229C,YDR324C,activation
YMR229C,YDR398W,activation
YMR229C,YGR090W,activation
YMR229C,YGR095C,activation
YMR229C,YGR159C,activation
YMR229C,YJL050W,activation
YMR229C,YJL069C,activation
YMR229C,YJL109C,activation
YMR229C,YMR093W,activation
YMR229C,YOR001W,activation
YMR229C,YPL126W,activation
YMR235C,YDL116W,activation
YMR235C,YDL116W,activation
YMR235C,YDR002W,activation
YMR235C,YDR002W,activation
YMR296C,YHR186C,inhibition
YMR296C,YJR066W,inhibition
YMR296C,YKL203C,inhibition
YMR296C,YNL006W,inhibition
YMR301C,YGL091C,activation
YMR301C,YIL003W,activation
YMR319C,YGL071W,activation
YNL006W,YCR027C,activation
YNL006W,YDR062W,inhibition
YNL006W,YDR283C,inhibition
YNL006W,YHR205W,activation
YNL006W,YMR028W,activation
YNL006W,YMR296C,inhibition
YNL006W,YPR185W,inhibition
YNL007C,YER103W,activation
YNL007C,YGL073W,activation
YNL007C,YNL064C,activation
YNL007C,YNL064C,activation
YNL031C,YEL056W,inhibition
YNL053W,YBL016W,inhibition
YNL053W,YGR040W,inhibition
YNL053W,YHR030C,inhibition
YNL064C,YER103W,activation
YNL064C,YNL007C,activation
YNL064C,YNL007C,activation
YNL071W,YIL042C,inhibition
YNL075W,YCL031C,activation
YNL075W,YDR324C,activation
YNL075W,YDR398W,activation
YNL075W,YGR090W,activation
YNL075W,YGR095C,activation
YNL075W,YGR159C,activation
YNL075W,YJL050W,activation
YNL075W,YJL069C,activation
YNL075W,YJL109C,activation
YNL075W,YMR093W,activation
YNL075W,YOR001W,activation
YNL075W,YPL126W,activation
YNL096C,YDR324C,activation
YNL096C,YDR398W,activation
YNL096C,YGR095C,activation
YNL096C,YGR159C,activation
YNL096C,YJL050W,activation
YNL096C,YJL069C,activation
YNL096C,YJL109C,activation
YNL096C,YMR093W,activation
YNL096C,YOR001W,activation
YNL098C,YBR260C,inhibition
YNL098C,YDL035C,activation
YNL098C,YJL005W,activation
YNL098C,YJL164C,activation
YNL098C,YKL092C,inhibition
YNL098C,YKL166C,activation
YNL098C,YPL203W,activation
YNL102W,YAR007C,activation
YNL102W,YBL023C,activation
YNL102W,YBR060C,activation
YNL102W,YBR160W,activation
YNL102W,YBR202W,activation
YNL102W,YDL017W,activation
YNL102W,YEL032W,activation
YNL102W,YGL201C,activation
YNL102W,YIL150C,activation
YNL102W,YJL194W,activation
YNL102W,YLL004W,activation
YNL102W,YLR103C,activation
YNL102W,YLR274W,activation
YNL102W,YML065W,activation
YNL102W,YNL261W,activation
YNL102W,YNL312W,activation
YNL102W,YPR019W,activation
YNL102W,YPR162C,activation
YNL103W,YJL101C,activation
YNL103W,YPR167C,inhibition
YNL119W,YGL211W,activation
YNL145W,YKL178C,activation
YNL154C,YBL016W,inhibition
YNL154C,YFL026W,inhibition
YNL154C,YGR040W,inhibition
YNL154C,YKL178C,inhibition
YNL167C,YBR112C,activation
YNL167C,YCR084C,activation
YNL167C,YLR113W,inhibition
YNL172W,YGL003C,inhibition
YNL172W,YGL116W,inhibition
YNL172W,YJL013C,inhibition
YNL172W,YJL030W,inhibition
YNL172W,YOR026W,inhibition
YNL182C,YKR063C,activation
YNL182C,YLL035W,activation
YNL207W,YCR047C,activation
YNL223W,YBL078C,activation
YNL223W,YBL078C,inhibition
YNL242W,YDL149W,activation
YNL242W,YFR021W,activation
YNL242W,YGL180W,activation
YNL242W,YPL100W,activation
YNL261W,YBL021C,activation
YNL261W,YBL035C,activation
YNL261W,YIR008C,activation
YNL261W,YKL045W,activation
YNL261W,YNL102W,activation
YNL261W,YNL262W,activation
YNL261W,YOR358W,activation
YNL261W,YPR175W,activation
YNL262W,YAR007C,activation
YNL262W,YBL023C,activation
YNL262W,YBR060C,activation
YNL262W,YBR088C,activation
YNL262W,YBR160W,activation
YNL262W,YBR202W,activation
YNL262W,YDL017W,activation
YNL262W,YEL032W,activation
YNL262W,YGL201C,activation
YNL262W,YIL150C,activation
YNL262W,YJL194W,activation
YNL262W,YLR103C,activation
YNL262W,YLR274W,activation
YNL262W,YNL261W,activation
YNL262W,YNL312W,activation
YNL262W,YPR019W,activation
YNL262W,YPR162C,activation
YNL271C,YBL016W,activation
YNL271C,YGR040W,activation
YNL271C,YLR229C,activation
YNL271C,YPR165W,activation
YNL283C,YGR070W,activation
YNL283C,YLR371W,activation
YNL293W,YFL038C,activation
YNL298W,YJR086W,activation
YNL298W,YLR229C,activation
YNL298W,YLR362W,activation
YNL298W,YOR212W,activation
YNL312W,YBL021C,activation
YNL312W,YBL035C,activation
YNL312W,YIR008C,activation
YNL312W,YKL045W,activation
YNL312W,YNL102W,activation
YNL312W,YNL262W,activation
YNL312W,YOR358W,activation
YNL312W,YPR175W,activation
YNL317W,YBR133C,inhibition
YNR007C,YBL078C,activation
YNR007C,YBR217W,activation
YNR007C,YMR159C,activation
YNR007C,YPL149W,activation
YNR026C,YPL218W,activation
YNR031C,YJL128C,activation
YNR031C,YLR006C,activation
YNR035C,YOR181W,activation
YOL001W,YFR034C,activation
YOL001W,YGR233C,inhibition
YOL004W,YJR066W,activation
YOL004W,YKL203C,activation
YOL005C,YGR063C,activation
YOL005C,YML010W,activation
YOL009C,YKR001C,activation
YOL009C,YLL001W,activation
YOL010W,YDR324C,activation
YOL010W,YDR398W,activation
YOL010W,YGR095C,activation
YOL010W,YGR159C,activation
YOL010W,YJL050W,activation
YOL010W,YJL069C,activation
YOL010W,YJL109C,activation
YOL010W,YMR093W,activation
YOL010W,YOR001W,activation
YOL018C,YAL030W,activation
YOL018C,YOR327C,activation
YOL069W,YER018C,activation
YOL069W,YER018C,activation
YOL069W,YIL144W,activation
YOL069W,YIL144W,activation
YOL069W,YJL030W,activation
YOL069W,YJL030W,activation
YOL069W,YPL209C,activation
YOL069W,YPL209C,activation
YOL087C,YLL039C,inhibition
YOL087C,YLR167W,inhibition
YOL100W,YBL105C,activation
YOL105C,YGR070W,activation
YOL105C,YLR371W,activation
YOL112W,YFL038C,activation
YOL113W,YJR086W,activation
YOL113W,YLR229C,activation
YOL113W,YLR362W,activation
YOL113W,YOR212W,activation
YOL133W,YDL132W,inhibition
YOL133W,YDL132W,inhibition
YOL133W,YDR328C,inhibition
YOL133W,YDR328C,inhibition
YOL133W,YJL157C,inhibition
YOL133W,YJL187C,inhibition
YOL133W,YJL194W,inhibition
YOL133W,YLR079W,inhibition
YOL133W,YLR128W,inhibition
YOL133W,YLR128W,inhibition
YOL133W,YLR306W,inhibition
YOL133W,YMR199W,inhibition
YOL133W,YPL046C,inhibition
YOL133W,YPL046C,inhibition
YOL133W,YPL256C,inhibition
YOL138C,YEL062W,inhibition
YOL138C,YJR138W,inhibition
YOL139C,YDR532C,inhibition
YOR001W,YBL004W,activation
YOR001W,YBR181C,activation
YOR001W,YBR189W,activation
YOR001W,YCL059C,activation
YOR001W,YCR031C,activation
YOR001W,YCR057C,activation
YOR001W,YDL014W,activation
YOR001W,YDL148C,activation
YOR001W,YDL153C,activation
YOR001W,YDR324C,activation
YOR001W,YDR339C,activation
YOR001W,YDR398W,activation
YOR001W,YDR449C,activation
YOR001W,YEL026W,activation
YOR001W,YER082C,activation
YOR001W,YGL123W,activation
YOR001W,YGL171W,activation
YOR001W,YGR090W,activation
YOR001W,YHR065C,activation
YOR001W,YHR148W,activation
YOR001W,YHR169W,activation
YOR001W,YIL091C,activation
YOR001W,YJL069C,activation
YOR001W,YJL109C,activation
YOR001W,YJL191W,activation
YOR001W,YJR002W,activation
YOR001W,YKL099C,activation
YOR001W,YLL011W,activation
YOR001W,YLR129W,activation
YOR001W,YLR186W,activation
YOR001W,YLR197W,activation
YOR001W,YLR222C,activation
YOR001W,YLR409C,activation
YOR001W,YML093W,activation
YOR001W,YMR093W,activation
YOR001W,YMR128W,activation
YOR001W,YMR229C,activation
YOR001W,YNL075W,activation
YOR001W,YNL096C,activation
YOR001W,YOL010W,activation
YOR001W,YOR096W,activation
YOR001W,YOR310C,activation
YOR001W,YPL081W,activation
YOR001W,YPL217C,activation
YOR001W,YPR137W,activation
YOR001W,YPR144C,activation
YOR008C,YGR070W,activation
YOR008C,YLR371W,activation
YOR026W,YBL084C,inhibition
YOR026W,YDL008W,inhibition
YOR026W,YDR118W,inhibition
YOR026W,YGL116W,activation
YOR026W,YGL116W,inhibition
YOR026W,YGL240W,inhibition
YOR026W,YHR166C,inhibition
YOR026W,YJL013C,activation
YOR026W,YJL030W,activation
YOR026W,YJL030W,activation
YOR026W,YJL030W,activation
YOR026W,YKL022C,inhibition
YOR026W,YNL172W,inhibition
YOR026W,YPL209C,activation
YOR026W,YPL209C,activation
YOR039W,YIL146C,activation
YOR056C,YCR047C,activation
YOR061W,YIL146C,activation
YOR075W,YLR268W,activation
YOR083W,YAL040C,inhibition
YOR083W,YBR160W,inhibition
YOR083W,YDL056W,inhibition
YOR083W,YER111C,inhibition
YOR083W,YLR182W,inhibition
YOR083W,YMR199W,inhibition
YOR083W,YPL256C,inhibition
YOR096W,YDR324C,activation
YOR096W,YDR398W,activation
YOR096W,YGR095C,activation
YOR096W,YGR159C,activation
YOR096W,YJL050W,activation
YOR096W,YJL069C,activation
YOR096W,YJL109C,activation
YOR096W,YMR093W,activation
YOR096W,YOR001W,activation
YOR101W,YBR260C,inhibition
YOR101W,YDL035C,activation
YOR101W,YJL005W,activation
YOR101W,YJL164C,activation
YOR101W,YKL092C,inhibition
YOR101W,YKL166C,activation
YOR101W,YPL203W,activation
YOR106W,YKL196C,activation
YOR127W,YLR229C,inhibition
YOR128C,YEL009C,activation
YOR145C,YCR047C,activation
YOR151C,YGR063C,activation
YOR151C,YML010W,activation
YOR153W,YGL013C,activation
YOR178C,YAL005C,inhibition
YOR178C,YLL024C,inhibition
YOR181W,YFL039C,activation
YOR181W,YLR229C,activation
YOR181W,YNR035C,activation
YOR195W,YAL016W,inhibition
YOR195W,YDL134C,inhibition
YOR195W,YDL188C,inhibition
YOR195W,YGL190C,inhibition
YOR195W,YGR098C,activation
YOR208W,YBL016W,inhibition
YOR208W,YGR040W,inhibition
YOR208W,YHR030C,inhibition
YOR208W,YLR113W,inhibition
YOR210W,YGR063C,activation
YOR210W,YML010W,activation
YOR212W,YHL007C,activation
YOR212W,YJL157C,activation
YOR212W,YNL298W,activation
YOR212W,YOL113W,activation
YOR224C,YGR063C,activation
YOR224C,YML010W,activation
YOR226C,YPL252C,activation
YOR231W,YHR030C,activation
YOR231W,YJL095W,activation
YOR231W,YKL161C,activation
YOR231W,YLL021W,activation
YOR251C,YCL017C,activation
YOR251C,YHR111W,activation
YOR260W,YER025W,activation
YOR260W,YJR007W,activation
YOR260W,YPL237W,activation
YOR269W,YKR054C,activation
YOR269W,YKR054C,activation
YOR272W,YER006W,activation
YOR272W,YGR103W,activation
YOR272W,YGR103W,activation
YOR272W,YKL172W,activation
YOR272W,YMR049C,activation
YOR272W,YMR049C,activation
YOR287C,YCL031C,activation
YOR287C,YCL031C,activation
YOR287C,YCL059C,activation
YOR287C,YKL099C,activation
YOR287C,YML093W,activation
YOR287C,YPR144C,activation
YOR310C,YDR324C,activation
YOR310C,YDR398W,activation
YOR310C,YGR090W,activation
YOR310C,YGR095C,activation
YOR310C,YGR159C,activation
YOR310C,YJL050W,activation
YOR310C,YJL069C,activation
YOR310C,YJL109C,activation
YOR310C,YMR093W,activation
YOR310C,YOR001W,activation
YOR310C,YPL126W,activation
YOR327C,YDR468C,activation
YOR327C,YMR183C,activation
YOR327C,YMR197C,activation
YOR327C,YOL018C,activation
YOR327C,YPL232W,activation
YOR351C,YLR263W,activation
YOR358W,YAR007C,activation
YOR358W,YBL023C,activation
YOR358W,YBR060C,activation
YOR358W,YBR160W,activation
YOR358W,YBR202W,activation
YOR358W,YDL017W,activation
YOR358W,YEL032W,activation
YOR358W,YGL201C,activation
YOR358W,YIL150C,activation
YOR358W,YJL194W,activation
YOR358W,YLR103C,activation
YOR358W,YLR274W,activation
YOR358W,YNL261W,activation
YOR358W,YNL312W,activation
YOR358W,YPR019W,activation
YOR358W,YPR162C,activation
YOR368W,YBR136W,activation
YOR384W,YDL084W,activation
YPL031C,YEL009C,inhibition
YPL031C,YFR034C,activation
YPL031C,YGR233C,inhibition
YPL046C,YOL133W,inhibition
YPL046C,YOL133W,inhibition
YPL049C,YBL016W,inhibition
YPL049C,YGR040W,inhibition
YPL049C,YHR084W,inhibition
YPL059W,YGL018C,activation
YPL081W,YDR324C,activation
YPL081W,YDR398W,activation
YPL081W,YGR095C,activation
YPL081W,YGR159C,activation
YPL081W,YJL050W,activation
YPL081W,YJL069C,activation
YPL081W,YJL109C,activation
YPL081W,YMR093W,activation
YPL081W,YOR001W,activation
YPL089C,YHR030C,activation
YPL089C,YKL161C,activation
YPL100W,YDL149W,activation
YPL100W,YNL242W,activation
YPL115C,YLR229C,inhibition
YPL120W,YBL078C,activation
YPL120W,YBL078C,activation
YPL120W,YDL149W,activation
YPL120W,YGL180W,activation
YPL120W,YLR240W,activation
YPL126W,YBL004W,activation
YPL126W,YCR057C,activation
YPL126W,YDL014W,activation
YPL126W,YDL148C,activation
YPL126W,YDR324C,activation
YPL126W,YDR324C,activation
YPL126W,YDR398W,activation
YPL126W,YDR398W,activation
YPL126W,YDR449C,activation
YPL126W,YER082C,activation
YPL126W,YGR090W,activation
YPL126W,YGR090W,activation
YPL126W,YHR065C,activation
YPL126W,YJL069C,activation
YPL126W,YJL069C,activation
YPL126W,YJL109C,activation
YPL126W,YJL109C,activation
YPL126W,YLL011W,activation
YPL126W,YLR129W,activation
YPL126W,YLR197W,activation
YPL126W,YLR222C,activation
YPL126W,YLR409C,activation
YPL126W,YML093W,activation
YPL126W,YMR093W,activation
YPL126W,YMR093W,activation
YPL126W,YMR128W,activation
YPL126W,YMR229C,activation
YPL126W,YNL075W,activation
YPL126W,YOR310C,activation
YPL126W,YPL217C,activation
YPL126W,YPR137W,activation
YPL126W,YPR144C,activation
YPL135W,YPL252C,activation
YPL140C,YHR030C,activation
YPL140C,YJL095W,activation
YPL140C,YKL161C,activation
YPL140C,YLL021W,activation
YPL149W,YBL078C,activation
YPL149W,YNR007C,activation
YPL153C,YBR136W,activation
YPL153C,YCL061C,activation
YPL153C,YDL101C,activation
YPL153C,YDR217C,activation
YPL153C,YDR499W,activation
YPL153C,YMR001C,activation
YPL155C,YER016W,activation
YPL155C,YER016W,activation
YPL155C,YIL144W,activation
YPL155C,YIL144W,activation
YPL155C,YJL030W,activation
YPL155C,YJL030W,activation
YPL155C,YLR045C,activation
YPL155C,YLR045C,activation
YPL155C,YPL209C,activation
YPL155C,YPL209C,activation
YPL166W,YDL149W,activation
YPL166W,YPR185W,activation
YPL169C,YDL207W,activation
YPL169C,YJL041W,activation
YPL187W,YFL026W,activation
YPL187W,YIL015W,inhibition
YPL194W,YBR136W,activation
YPL203W,YFL033C,inhibition
YPL203W,YHR030C,inhibition
YPL203W,YKL062W,inhibition
YPL203W,YMR016C,activation
YPL203W,YMR037C,inhibition
YPL203W,YNL098C,activation
YPL203W,YOR101W,activation
YPL209C,YER018C,activation
YPL209C,YER018C,activation
YPL209C,YIL144W,activation
YPL209C,YIL144W,activation
YPL209C,YJL030W,activation
YPL209C,YJL030W,activation
YPL209C,YOL069W,activation
YPL209C,YOL069W,activation
YPL209C,YOR026W,activation
YPL209C,YOR026W,activation
YPL209C,YPL155C,activation
YPL209C,YPL155C,activation
YPL217C,YCL031C,activation
YPL217C,YDR324C,activation
YPL217C,YDR398W,activation
YPL217C,YGR090W,activation
YPL217C,YGR095C,activation
YPL217C,YGR159C,activation
YPL217C,YJL050W,activation
YPL217C,YJL069C,activation
YPL217C,YJL109C,activation
YPL217C,YMR093W,activation
YPL217C,YOR001W,activation
YPL217C,YPL126W,activation
YPL218W,YCR067C,activation
YPL218W,YNR026C,activation
YPL232W,YAL030W,activation
YPL232W,YOR327C,activation
YPL237W,YDR211W,activation
YPL237W,YOR260W,activation
YPL240C,YGL073W,activation
YPL242C,YBR109C,inhibition
YPL242C,YFL039C,activation
YPL242C,YLR229C,inhibition
YPL242C,YLR229C,inhibition
YPL252C,YCL017C,activation
YPL252C,YDL120W,activation
YPL252C,YER048W-A,activation
YPL252C,YOR226C,activation
YPL252C,YPL135W,activation
YPL256C,YDL132W,inhibition
YPL256C,YDR328C,inhibition
YPL256C,YJL157C,inhibition
YPL256C,YJR090C,inhibition
YPL256C,YLR079W,inhibition
YPL256C,YLR182W,activation
YPL256C,YOL133W,inhibition
YPL256C,YOR083W,inhibition
YPR007C,YGR098C,inhibition
YPR007C,YMR001C,inhibition
YPR019W,YBL021C,activation
YPR019W,YBL035C,activation
YPR019W,YDL017W,activation
YPR019W,YDR052C,activation
YPR019W,YIR008C,activation
YPR019W,YKL045W,activation
YPR019W,YNL102W,activation
YPR019W,YNL262W,activation
YPR019W,YOR358W,activation
YPR019W,YPR175W,activation
YPR024W,YIL146C,activation
YPR040W,YMR028W,inhibition
YPR041W,YPR163C,activation
YPR049C,YDL029W,activation
YPR049C,YDL134C,inhibition
YPR049C,YDL188C,inhibition
YPR049C,YJR065C,activation
YPR049C,YKR001C,activation
YPR049C,YLL001W,activation
YPR067W,YGL018C,activation
YPR075C,YCL032W,activation
YPR080W,YGL073W,activation
YPR111W,YAR019C,activation
YPR111W,YFR028C,activation
YPR119W,YBL084C,inhibition
YPR119W,YDR146C,inhibition
YPR119W,YFL029C,activation
YPR119W,YFR028C,activation
YPR119W,YGL003C,inhibition
YPR119W,YGL240W,inhibition
YPR119W,YGR218W,activation
YPR119W,YJL187C,inhibition
YPR119W,YLR079W,inhibition
YPR119W,YMR036C,activation
YPR120C,YFR028C,activation
YPR120C,YGR218W,activation
YPR120C,YJL194W,activation
YPR120C,YLR079W,inhibition
YPR137W,YDR324C,activation
YPR137W,YDR398W,activation
YPR137W,YGR090W,activation
YPR137W,YGR095C,activation
YPR137W,YGR159C,activation
YPR137W,YJL050W,activation
YPR137W,YJL069C,activation
YPR137W,YJL109C,activation
YPR137W,YMR093W,activation
YPR137W,YOR001W,activation
YPR137W,YPL126W,activation
YPR144C,YCL031C,activation
YPR144C,YDR324C,activation
YPR144C,YDR398W,activation
YPR144C,YGR090W,activation
YPR144C,YGR095C,activation
YPR144C,YGR159C,activation
YPR144C,YJL050W,activation
YPR144C,YJL069C,activation
YPR144C,YJL109C,activation
YPR144C,YMR093W,activation
YPR144C,YOR001W,activation
YPR144C,YOR287C,activation
YPR144C,YPL126W,activation
YPR162C,YBL021C,activation
YPR162C,YBL035C,activation
YPR162C,YIR008C,activation
YPR162C,YKL045W,activation
YPR162C,YNL102W,activation
YPR162C,YNL262W,activation
YPR162C,YOR358W,activation
YPR162C,YPR175W,activation
YPR163C,YKR059W,activation
YPR163C,YPR041W,activation
YPR165W,YAL041W,activation
YPR165W,YAL041W,inhibition
YPR165W,YBL105C,activation
YPR165W,YDL135C,activation
YPR165W,YDR389W,inhibition
YPR165W,YER155C,inhibition
YPR165W,YFL039C,activation
YPR165W,YGR070W,activation
YPR165W,YIL159W,activation
YPR165W,YLR229C,activation
YPR165W,YLR229C,inhibition
YPR165W,YLR371W,activation
YPR165W,YLR425W,activation
YPR165W,YNL271C,activation
YPR167C,YNL103W,inhibition
YPR175W,YAR007C,activation
YPR175W,YBL023C,activation
YPR175W,YBR060C,activation
YPR175W,YBR160W,activation
YPR175W,YBR202W,activation
YPR175W,YDL017W,activation
YPR175W,YEL032W,activation
YPR175W,YGL201C,activation
YPR175W,YIL150C,activation
YPR175W,YJL194W,activation
YPR175W,YLL004W,activation
YPR175W,YLR103C,activation
YPR175W,YLR274W,activation
YPR175W,YNL261W,activation
YPR175W,YNL312W,activation
YPR175W,YPR019W,activation
YPR175W,YPR162C,activation
YPR176C,YJL031C,inhibition
YPR185W,YDL134C,inhibition
YPR185W,YDL149W,activation
YPR185W,YDL188C,inhibition
YPR185W,YDR022C,activation
YPR185W,YGL180W,activation
YPR185W,YHR186C,inhibition
YPR185W,YJR066W,inhibition
YPR185W,YKL203C,inhibition
YPR185W,YLR423C,activation
YPR185W,YNL006W,inhibition
YPR185W,YPL166W,activation
YPR187W,YGR063C,activation
YPR187W,YML010W,activation
